1,Bulbasaur,grass,poison,"['Overgrow', 'Chlorophyll']",1,Monster,Grass,,
2,Ivysaur,grass,poison,"['Overgrow', 'Chlorophyll']",1,Monster,Grass,,
3,Venusaur,grass,poison,"['Overgrow', 'Chlorophyll']",1,Monster,Grass,,
4,Charmander,fire,,"['Blaze', 'Solar Power']",1,Monster,Dragon,,
5,Charmeleon,fire,,"['Blaze', 'Solar Power']",1,Monster,Dragon,,
6,Charizard,fire,flying,"['Blaze', 'Solar Power']",1,Monster,,,
7,Squirtle,water,,"['Torrent', 'Rain Dish']",1,Monster,Water 1,,
8,Wartortle,water,,"['Torrent', 'Rain Dish']",1,Monster,Water 1,,3
9,Blastoise,water,,"['Torrent', 'Rain Dish']",1,Monster,Water 1,,
10,Caterpie,bug,,"['Shield Dust', 'Run Away']",1,Bug,,,
11,Metapod,bug,,['Shed Skin'],1,Bug,,,
12,Butterfree,bug,flying,"['Compoundeyes', 'Tinted Lens']",1,Bug,,,
13,Weedle,bug,poison,"['Shield Dust', 'Run Away']",1,Bug,,,
14,Kakuna,bug,poison,['Shed Skin'],1,Bug,,,
15,Beedrill,bug,poison,"['Swarm', 'Sniper']",1,Bug,,,
16,Pidgey,normal,flying,"['Keen Eye', 'Tangled Feet', 'Big Pecks']",1,Flying,,,
17,Pidgeotto,normal,flying,"['Keen Eye', 'Tangled Feet', 'Big Pecks']",1,Flying,,,
18,Pidgeot,normal,flying,"['Keen Eye', 'Tangled Feet', 'Big Pecks']",1,Flying,,,
19,Rattata,normal,dark,"['Run Away', 'Guts', 'Hustle', 'Gluttony', 'Hustle', 'Thick Fat']",1,Field,,,
20,Raticate,normal,dark,"['Run Away', 'Guts', 'Hustle', 'Gluttony', 'Hustle', 'Thick Fat']",1,Field,,,
21,Spearow,normal,flying,"['Keen Eye', 'Sniper']",1,Flying,,,
22,Fearow,normal,flying,"['Keen Eye', 'Sniper']",1,Flying,,,
23,Ekans,poison,,"['Intimidate', 'Shed Skin', 'Unnerve']",1,Field,Dragon,,
24,Arbok,poison,,"['Intimidate', 'Shed Skin', 'Unnerve']",1,Field,Dragon,,
25,Pikachu,electric,,"['Static', 'Lightningrod']",1,Field,Fairy,,
26,Raichu,electric,electric,"['Static', 'Lightningrod', 'Surge Surfer']",1,Field,Fairy,,
27,Sandshrew,ground,ice,"['Sand Veil', 'Sand Rush', 'Snow Cloak', 'Slush Rush']",1,Field,,,
28,Sandslash,ground,ice,"['Sand Veil', 'Sand Rush', 'Snow Cloak', 'Slush Rush']",1,Field,,,
29,Nidoran♀,poison,,"['Poison Point', 'Rivalry', 'Hustle']",1,Monster,Field,,
30,Nidorina,poison,,"['Poison Point', 'Rivalry', 'Hustle']",1,Undiscovered,,,
31,Nidoqueen,poison,ground,"['Poison Point', 'Rivalry', 'Sheer Force']",1,Undiscovered,,,
32,Nidoran♂,poison,,"['Poison Point', 'Rivalry', 'Hustle']",1,Monster,Field,,
33,Nidorino,poison,,"['Poison Point', 'Rivalry', 'Hustle']",1,Monster,Field,,
34,Nidoking,poison,ground,"['Poison Point', 'Rivalry', 'Sheer Force']",1,Monster,Field,,
35,Clefairy,fairy,,"['Cute Charm', 'Magic Guard', 'Friend Guard']",1,Fairy,,,
36,Clefable,fairy,,"['Cute Charm', 'Magic Guard', 'Unaware']",1,Fairy,,,
37,Vulpix,fire,ice,"['Flash Fire', 'Drought', 'Snow Cloak', 'Snow Warning']",1,Field,,,
38,Ninetales,fire,ice,"['Flash Fire', 'Drought', 'Snow Cloak', 'Snow Warning']",1,Field,,,
39,Jigglypuff,normal,fairy,"['Cute Charm', 'Competitive', 'Friend Guard']",1,Fairy,,,
40,Wigglytuff,normal,fairy,"['Cute Charm', 'Competitive', 'Frisk']",1,Fairy,,,
41,Zubat,poison,flying,"['Inner Focus', 'Infiltrator']",1,Flying,,,
42,Golbat,poison,flying,"['Inner Focus', 'Infiltrator']",1,Flying,,,
43,Oddish,grass,poison,"['Chlorophyll', 'Run Away']",1,Grass,,,
44,Gloom,grass,poison,"['Chlorophyll', 'Stench']",1,Grass,,,
45,Vileplume,grass,poison,"['Chlorophyll', 'Effect Spore']",1,Grass,,,
46,Paras,bug,grass,"['Effect Spore', 'Dry Skin', 'Damp']",1,Bug,Grass,,
47,Parasect,bug,grass,"['Effect Spore', 'Dry Skin', 'Damp']",1,Bug,Grass,,
48,Venonat,bug,poison,"['Compoundeyes', 'Tinted Lens', 'Run Away']",1,Bug,,,
49,Venomoth,bug,poison,"['Shield Dust', 'Tinted Lens', 'Wonder Skin ']",1,Bug,,,
50,Diglett,ground,ground,"['Sand Veil', 'Arena Trap', 'Sand Force', 'Sand Veil', 'Tangling Hair', 'Sand Force']",1,Field,,,
51,Dugtrio,ground,ground,"['Sand Veil', 'Arena Trap', 'Sand Force', 'Sand Veil', 'Tangling Hair', 'Sand Force']",1,Field,,,
52,Meowth,normal,dark,"['Pickup', 'Technician', 'Unnerve', 'Pickup', 'Technician', 'Rattled']",1,Field,,,
53,Persian,normal,dark,"['Limber', 'Technician', 'Unnerve', 'Fur Coat', 'Technician', 'Rattled']",1,Field,,,
54,Psyduck,water,,"['Damp', 'Cloud Nine', 'Swift Swim']",1,Water 1,Field,,
55,Golduck,water,,"['Damp', 'Cloud Nine', 'Swift Swim']",1,Water 1,Field,,
56,Mankey,fighting,,"['Vital Spirit', 'Anger Point', 'Defiant']",1,Field,,,
57,Primeape,fighting,,"['Vital Spirit', 'Anger Point', 'Defiant']",1,Field,,,
58,Growlithe,fire,,"['Intimidate', 'Flash Fire', 'Justified']",1,Field,,,
59,Arcanine,fire,,"['Intimidate', 'Flash Fire', 'Justified']",1,Field,,,
60,Poliwag,water,,"['Water Absorb', 'Damp', 'Swift Swim']",1,Water 1,,,
61,Poliwhirl,water,,"['Water Absorb', 'Damp', 'Swift Swim']",1,Water 1,,,
62,Poliwrath,water,fighting,"['Water Absorb', 'Damp', 'Swift Swim']",1,Water 1,,,
63,Abra,psychic,,"['Synchronize', 'Inner Focus', 'Magic Guard']",1,Human-Like,,,
64,Kadabra,psychic,,"['Synchronize', 'Inner Focus', 'Magic Guard']",1,Human-Like,,,
65,Alakazam,psychic,,"['Synchronize', 'Inner Focus', 'Magic Guard']",1,Human-Like,,,
66,Machop,fighting,,"['Guts', 'No Guard', 'Steadfast']",1,Human-Like,,,
67,Machoke,fighting,,"['Guts', 'No Guard', 'Steadfast']",1,Human-Like,,,
68,Machamp,fighting,,"['Guts', 'No Guard', 'Steadfast']",1,Human-Like,,,
69,Bellsprout,grass,poison,"['Chlorophyll', 'Gluttony']",1,Grass,,,
70,Weepinbell,grass,poison,"['Chlorophyll', 'Gluttony']",1,Grass,,,
71,Victreebel,grass,poison,"['Chlorophyll', 'Gluttony']",1,Grass,,,
72,Tentacool,water,poison,"['Clear Body', 'Liquid Ooze', 'Rain Dish']",1,Water 3,,,
73,Tentacruel,water,poison,"['Clear Body', 'Liquid Ooze', 'Rain Dish']",1,Water 3,,,
74,Geodude,rock,ground,"['Rock Head', 'Sturdy', 'Sand Veil', 'Magnet Pull', 'Sturdy', 'Galvanize']",1,Mineral,,,
75,Graveler,rock,ground,"['Rock Head', 'Sturdy', 'Sand Veil', 'Magnet Pull', 'Sturdy', 'Galvanize']",1,Mineral,,,
76,Golem,rock,ground,"['Rock Head', 'Sturdy', 'Sand Veil', 'Magnet Pull', 'Sturdy', 'Galvanize']",1,Mineral,,,
77,Ponyta,fire,,"['Run Away', 'Flash Fire', 'Flame Body']",1,Field,,,
78,Rapidash,fire,,"['Run Away', 'Flash Fire', 'Flame Body']",1,Field,,,
79,Slowpoke,water,psychic,"['Oblivious', 'Own Tempo', 'Regenerator']",1,Monster,Water 1,,
80,Slowbro,water,psychic,"['Oblivious', 'Own Tempo', 'Regenerator']",1,Monster,Water 1,,
81,Magnemite,electric,steel,"['Magnet Pull', 'Sturdy', 'Analytic']",1,Mineral,,,
82,Magneton,electric,steel,"['Magnet Pull', 'Sturdy', 'Analytic']",1,Mineral,,,
83,Farfetch'd,normal,flying,"['Keen Eye', 'Inner Focus', 'Defiant']",1,Flying,Field,,
84,Doduo,normal,flying,"['Run Away', 'Early Bird', 'Tangled Feet']",1,Flying,,,
85,Dodrio,normal,flying,"['Run Away', 'Early Bird', 'Tangled Feet']",1,Flying,,,
86,Seel,water,,"['Thick Fat', 'Hydration', 'Ice Body']",1,Water 1,Field,,
87,Dewgong,water,ice,"['Thick Fat', 'Hydration', 'Ice Body']",1,Water 1,Field,,
88,Grimer,poison,poison,"['Stench', 'Sticky Hold', 'Poison Touch', 'Poison Touch', 'Gluttony', 'Power of Alchemy']",1,Amorphous,,,
89,Muk,poison,poison,"['Stench', 'Sticky Hold', 'Poison Touch', 'Poison Touch', 'Gluttony', 'Power of Alchemy']",1,Amorphous,,,
90,Shellder,water,,"['Shell Armor', 'Skill Link', 'Overcoat']",1,Water 3,,,
91,Cloyster,water,ice,"['Shell Armor', 'Skill Link', 'Overcoat']",1,Water 3,,,
92,Gastly,ghost,poison,['Levitate'],1,Amorphous,,,
93,Haunter,ghost,poison,['Levitate'],1,Amorphous,,,
94,Gengar,ghost,poison,['Cursed Body'],1,Amorphous,,,
95,Onix,rock,ground,"['Rock Head', 'Sturdy', 'Weak Armor']",1,Mineral,,,
96,Drowzee,psychic,,"['Insomnia', 'Forewarn', 'Inner Focus']",1,Human-Like,,,
97,Hypno,psychic,,"['Insomnia', 'Forewarn', 'Inner Focus']",1,Human-Like,,,
98,Krabby,water,,"['Hyper Cutter', 'Shell Armor', 'Sheer Force']",1,Water 3,,,
99,Kingler,water,,"['Hyper Cutter', 'Shell Armor', 'Sheer Force']",1,Water 3,,,
100,Voltorb,electric,,"['Soundproof', 'Static', 'Aftermath']",1,Mineral,,,
101,Electrode,electric,,"['Soundproof', 'Static', 'Aftermath']",1,Mineral,,,
102,Exeggcute,grass,psychic,"['Chlorophyll', 'Harvest']",1,Grass,,,
103,Exeggutor,grass,psychic,"['Chlorophyll', 'Harvest', 'Frisk', 'Harvest']",1,Grass,,,
104,Cubone,ground,,"['Rock Head', 'Lightningrod', 'Battle Armor']",1,Monster,,,
105,Marowak,ground,fire,"['Rock Head', 'Lightningrod', 'Battle Armor', 'Cursed Body', 'Lightningrod', 'Rock Head']",1,Monster,,,
106,Hitmonlee,fighting,,"['Limber', 'Reckless', 'Unburden']",1,Human-Like,,,
107,Hitmonchan,fighting,,"['Keen Eye', 'Iron Fist', 'Inner Focus']",1,Human-Like,,,
108,Lickitung,normal,,"['Own Tempo', 'Oblivious', 'Cloud Nine']",1,Monster,,,
109,Koffing,poison,,['Levitate'],1,Amorphous,,,
110,Weezing,poison,,['Levitate'],1,Amorphous,,,
111,Rhyhorn,ground,rock,"['Lightningrod', 'Rock Head', 'Reckless']",1,Monster,Field,,
112,Rhydon,ground,rock,"['Lightningrod', 'Rock Head', 'Reckless']",1,Monster,Field,,
113,Chansey,normal,,"['Natural Cure', 'Serene Grace', 'Healer']",1,Fairy,,,
114,Tangela,grass,,"['Chlorophyll', 'Leaf Guard', 'Regenerator']",1,Grass,,,
115,Kangaskhan,normal,,"['Early Bird', 'Scrappy', 'Inner Focus']",1,Monster,,,
116,Horsea,water,,"['Swift Swim', 'Sniper', 'Damp']",1,Water 1,Dragon,,
117,Seadra,water,,"['Poison Point', 'Sniper', 'Damp']",1,Water 1,Dragon,,
118,Goldeen,water,,"['Swift Swim', 'Water Veil', 'Lightningrod']",1,Water 2,,,
119,Seaking,water,,"['Swift Swim', 'Water Veil', 'Lightningrod']",1,Water 2,,,
120,Staryu,water,,"['Illuminate', 'Natural Cure', 'Analytic']",1,Water 3,,,
121,Starmie,water,psychic,"['Illuminate', 'Natural Cure', 'Analytic']",1,Water 3,,,
122,Mr. Mime,psychic,fairy,"['Soundproof', 'Filter', 'Technician']",1,Human-Like,,,
123,Scyther,bug,flying,"['Swarm', 'Technician', 'Steadfast']",1,Bug,,,
124,Jynx,ice,psychic,"['Oblivious', 'Forewarn', 'Dry Skin']",1,Human-Like,,,
125,Electabuzz,electric,,"['Static', 'Vital Spirit']",1,Human-Like,,,
126,Magmar,fire,,"['Flame Body', 'Vital Spirit']",1,Human-Like,,,
127,Pinsir,bug,,"['Hyper Cutter', 'Mold Breaker', 'Moxie']",1,Bug,,,
128,Tauros,normal,,"['Intimidate', 'Anger Point', 'Sheer Force']",1,Field,,,
129,Magikarp,water,,"['Swift Swim', 'Rattled']",1,Water 2,Dragon,,
130,Gyarados,water,flying,"['Intimidate', 'Moxie']",1,Water 2,Dragon,,
131,Lapras,water,ice,"['Water Absorb', 'Shell Armor', 'Hydration']",1,Monster,Water 1,,
132,Ditto,normal,,"['Limber', 'Imposter']",1,Ditto,,,
133,Eevee,normal,,"['Run Away', 'Adaptability', 'Anticipation']",1,Field,,,
134,Vaporeon,water,,"['Water Absorb', 'Hydration']",1,Field,,,
135,Jolteon,electric,,"['Volt Absorb', 'Quick Feet']",1,Field,,,
136,Flareon,fire,,"['Flash Fire', 'Guts']",1,Field,,,
137,Porygon,normal,,"['Trace', 'Download', 'Analytic']",1,Mineral,,,
138,Omanyte,rock,water,"['Swift Swim', 'Shell Armor', 'Weak Armor']",1,Water 1,Water 3,,
139,Omastar,rock,water,"['Swift Swim', 'Shell Armor', 'Weak Armor']",1,Water 1,Water 3,,
140,Kabuto,rock,water,"['Swift Swim', 'Battle Armor', 'Weak Armor']",1,Water 1,Water 3,,
141,Kabutops,rock,water,"['Swift Swim', 'Battle Armor', 'Weak Armor']",1,Water 1,Water 3,,
142,Aerodactyl,rock,flying,"['Rock Head', 'Pressure', 'Unnerve']",1,Flying,,,
143,Snorlax,normal,,"['Immunity', 'Thick Fat', 'Gluttony']",1,Monster,,,
144,Articuno,ice,flying,"['Pressure', 'Snow Cloak']",1,Undiscovered,,,
145,Zapdos,electric,flying,"['Pressure', 'Static']",1,Undiscovered,,,
146,Moltres,fire,flying,"['Pressure', 'Flame Body']",1,Undiscovered,,,
147,Dratini,dragon,,"['Shed Skin', 'Marvel Scale']",1,Water 1,Dragon,,
148,Dragonair,dragon,,"['Shed Skin', 'Marvel Scale']",1,Water 1,Dragon,,
149,Dragonite,dragon,flying,"['Inner Focus', 'Multiscale']",1,Water 1,Dragon,,
150,Mewtwo,psychic,,"['Pressure', 'Unnerve']",1,Undiscovered,,,
151,Mew,psychic,,['Synchronize'],1,Undiscovered,,,
152,Chikorita,grass,,"['Overgrow', 'Leaf Guard']",2,Monster,Grass,,
153,Bayleef,grass,,"['Overgrow', 'Leaf Guard']",2,Monster,Grass,,
154,Meganium,grass,,"['Overgrow', 'Leaf Guard']",2,Monster,Grass,,
155,Cyndaquil,fire,,"['Blaze', 'Flash Fire']",2,Field,,,
156,Quilava,fire,,"['Blaze', 'Flash Fire']",2,Field,,,
157,Typhlosion,fire,,"['Blaze', 'Flash Fire']",2,Field,,,
158,Totodile,water,,"['Torrent', 'Sheer Force']",2,Monster,Water 1,,
159,Croconaw,water,,"['Torrent', 'Sheer Force']",2,Monster,Water 1,,
160,Feraligatr,water,,"['Torrent', 'Sheer Force']",2,Monster,Water 1,,
161,Sentret,normal,,"['Run Away', 'Keen Eye', 'Frisk']",2,Field,,,
162,Furret,normal,,"['Run Away', 'Keen Eye', 'Frisk']",2,Field,,,
163,Hoothoot,normal,flying,"['Insomnia', 'Keen Eye', 'Tinted Lens']",2,Flying,,,
164,Noctowl,normal,flying,"['Insomnia', 'Keen Eye', 'Tinted Lens']",2,Flying,,,
165,Ledyba,bug,flying,"['Swarm', 'Early Bird', 'Rattled']",2,Bug,,,
166,Ledian,bug,flying,"['Swarm', 'Early Bird', 'Iron Fist']",2,Bug,,,
167,Spinarak,bug,poison,"['Swarm', 'Insomnia', 'Sniper']",2,Bug,,,
168,Ariados,bug,poison,"['Swarm', 'Insomnia', 'Sniper']",2,Bug,,,
169,Crobat,poison,flying,"['Inner Focus', 'Infiltrator']",2,Flying,,,
170,Chinchou,water,electric,"['Volt Absorb', 'Illuminate', 'Water Absorb']",2,Water 2,,,
171,Lanturn,water,electric,"['Volt Absorb', 'Illuminate', 'Water Absorb']",2,Water 2,,,
172,Pichu,electric,,"['Static', 'Lightningrod']",2,Undiscovered,,,
173,Cleffa,fairy,,"['Cute Charm', 'Magic Guard', 'Friend Guard']",2,Undiscovered,,,
174,Igglybuff,normal,fairy,"['Cute Charm', 'Competitive', 'Friend Guard']",2,Undiscovered,,,
175,Togepi,fairy,,"['Hustle', 'Serene Grace', 'Super Luck']",2,Undiscovered,,,
176,Togetic,fairy,flying,"['Hustle', 'Serene Grace', 'Super Luck']",2,Flying,Fairy,,
177,Natu,psychic,flying,"['Synchronize', 'Early Bird', 'Magic Bounce']",2,Flying,,,
178,Xatu,psychic,flying,"['Synchronize', 'Early Bird', 'Magic Bounce']",2,Flying,,,
179,Mareep,electric,,"['Static', 'Plus']",2,Monster,Field,,
180,Flaaffy,electric,,"['Static', 'Plus']",2,Monster,Field,,
181,Ampharos,electric,,"['Static', 'Plus']",2,Monster,Field,,
182,Bellossom,grass,,"['Chlorophyll', 'Healer']",2,Grass,,,
183,Marill,water,fairy,"['Thick Fat', 'Huge Power', 'Sap Sipper']",2,Water 1,Fairy,,
184,Azumarill,water,fairy,"['Thick Fat', 'Huge Power', 'Sap Sipper']",2,Water 1,Fairy,,
185,Sudowoodo,rock,,"['Sturdy', 'Rock Head', 'Rattled']",2,Mineral,,,
186,Politoed,water,,"['Water Absorb', 'Damp', 'Drizzle']",2,Water 1,,,
187,Hoppip,grass,flying,"['Chlorophyll', 'Leaf Guard', 'Infiltrator']",2,Fairy,Grass,,
188,Skiploom,grass,flying,"['Chlorophyll', 'Leaf Guard', 'Infiltrator']",2,Fairy,Grass,,
189,Jumpluff,grass,flying,"['Chlorophyll', 'Leaf Guard', 'Infiltrator']",2,Fairy,Grass,,
190,Aipom,normal,,"['Run Away', 'Pickup', 'Skill Link']",2,Field,,,
191,Sunkern,grass,,"['Chlorophyll', 'Solar Power', 'Early Bird']",2,Grass,,,
192,Sunflora,grass,,"['Chlorophyll', 'Solar Power', 'Early Bird']",2,Grass,,,
193,Yanma,bug,flying,"['Speed Boost', 'Compoundeyes', 'Frisk']",2,Bug,,,
194,Wooper,water,ground,"['Damp', 'Water Absorb', 'Unaware']",2,Water 1,Field,,
195,Quagsire,water,ground,"['Damp', 'Water Absorb', 'Unaware']",2,Water 1,Field,,
196,Espeon,psychic,,"['Synchronize', 'Magic Bounce']",2,Field,,,
197,Umbreon,dark,,"['Synchronize', 'Inner Focus']",2,Field,,,
198,Murkrow,dark,flying,"['Insomnia', 'Super Luck', 'Prankster']",2,Flying,,,
199,Slowking,water,psychic,"['Oblivious', 'Own Tempo', 'Regenerator']",2,Monster,Water 1,,
200,Misdreavus,ghost,,['Levitate'],2,Amorphous,,,
201,Unown,psychic,,['Levitate'],2,Undiscovered,,,
202,Wobbuffet,psychic,,"['Shadow Tag', 'Telepathy']",2,Amorphous,,,
203,Girafarig,normal,psychic,"['Inner Focus', 'Early Bird', 'Sap Sipper']",2,Field,,,
204,Pineco,bug,,"['Sturdy', 'Overcoat']",2,Bug,,,
205,Forretress,bug,steel,"['Sturdy', 'Overcoat']",2,Bug,,,
206,Dunsparce,normal,,"['Serene Grace', 'Run Away', 'Rattled']",2,Field,,,
207,Gligar,ground,flying,"['Hyper Cutter', 'Sand Veil', 'Immunity']",2,Bug,,,
208,Steelix,steel,ground,"['Rock Head', 'Sturdy', 'Sheer Force']",2,Mineral,,,
209,Snubbull,fairy,,"['Intimidate', 'Run Away', 'Rattled']",2,Field,Fairy,,
210,Granbull,fairy,,"['Intimidate', 'Quick Feet', 'Rattled']",2,Field,Fairy,,
211,Qwilfish,water,poison,"['Poison Point', 'Swift Swim', 'Intimidate']",2,Water 2,,,
212,Scizor,bug,steel,"['Swarm', 'Technician', 'Light Metal']",2,Bug,,,
213,Shuckle,bug,rock,"['Sturdy', 'Gluttony', 'Contrary']",2,Bug,,,
214,Heracross,bug,fighting,"['Swarm', 'Guts', 'Moxie']",2,Bug,,,
215,Sneasel,dark,ice,"['Inner Focus', 'Keen Eye', 'Pickpocket']",2,Field,,,
216,Teddiursa,normal,,"['Pickup', 'Quick Feet', 'Honey Gather']",2,Field,,,
217,Ursaring,normal,,"['Guts', 'Quick Feet', 'Unnerve']",2,Field,,,
218,Slugma,fire,,"['Magma Armor', 'Flame Body', 'Weak Armor']",2,Amorphous,,,
219,Magcargo,fire,rock,"['Magma Armor', 'Flame Body', 'Weak Armor']",2,Amorphous,,,
220,Swinub,ice,ground,"['Oblivious', 'Snow Cloak', 'Thick Fat']",2,Field,,,
221,Piloswine,ice,ground,"['Oblivious', 'Snow Cloak', 'Thick Fat']",2,Field,,,
222,Corsola,water,rock,"['Hustle', 'Natural Cure', 'Regenerator']",2,Water 1,Water 3,,
223,Remoraid,water,,"['Hustle', 'Sniper', 'Moody']",2,Water 1,Water 2,,
224,Octillery,water,,"['Suction Cups', 'Sniper', 'Moody']",2,Water 1,Water 2,,
225,Delibird,ice,flying,"['Vital Spirit', 'Hustle', 'Insomnia']",2,Water 1,Field,,
226,Mantine,water,flying,"['Swift Swim', 'Water Absorb', 'Water Veil']",2,Water 1,,,
227,Skarmory,steel,flying,"['Keen Eye', 'Sturdy', 'Weak Armor']",2,Flying,,,
228,Houndour,dark,fire,"['Early Bird', 'Flash Fire', 'Unnerve']",2,Field,,,
229,Houndoom,dark,fire,"['Early Bird', 'Flash Fire', 'Unnerve']",2,Field,,,
230,Kingdra,water,dragon,"['Swift Swim', 'Sniper', 'Damp']",2,Water 1,Dragon,,
231,Phanpy,ground,,"['Pickup', 'Sand Veil']",2,Field,,,
232,Donphan,ground,,"['Sturdy', 'Sand Veil']",2,Field,,,
233,Porygon2,normal,,"['Trace', 'Download', 'Analytic']",2,Mineral,,,
234,Stantler,normal,,"['Intimidate', 'Frisk', 'Sap Sipper']",2,Field,,,
235,Smeargle,normal,,"['Own Tempo', 'Technician', 'Moody']",2,Field,,,
236,Tyrogue,fighting,,"['Guts', 'Steadfast', 'Vital Spirit']",2,Undiscovered,,,
237,Hitmontop,fighting,,"['Intimidate', 'Technician', 'Steadfast']",2,Human-Like,,,
238,Smoochum,ice,psychic,"['Oblivious', 'Forewarn', 'Hydration']",2,Undiscovered,,,
239,Elekid,electric,,"['Static', 'Vital Spirit']",2,Undiscovered,,,
240,Magby,fire,,"['Flame Body', 'Vital Spirit']",2,Undiscovered,,,
241,Miltank,normal,,"['Thick Fat', 'Scrappy', 'Sap Sipper']",2,Field,,,
242,Blissey,normal,,"['Natural Cure', 'Serene Grace', 'Healer']",2,Fairy,,,
243,Raikou,electric,,"['Pressure', 'Inner Focus']",2,Undiscovered,,,
244,Entei,fire,,"['Pressure', 'Inner Focus']",2,Undiscovered,,,
245,Suicune,water,,"['Pressure', 'Inner Focus']",2,Undiscovered,,,
246,Larvitar,rock,ground,"['Guts', 'Sand Veil']",2,Monster,,,
247,Pupitar,rock,ground,['Shed Skin'],2,Monster,,,
248,Tyranitar,rock,dark,"['Sand Stream', 'Unnerve']",2,Monster,,,
249,Lugia,psychic,flying,"['Pressure', 'Multiscale']",2,Undiscovered,,,
250,Ho-Oh,fire,flying,"['Pressure', 'Regenerator']",2,Undiscovered,,,
251,Celebi,psychic,grass,['Natural Cure'],2,Undiscovered,,,
252,Treecko,grass,,"['Overgrow', 'Unburden']",3,Monster,Dragon,,
253,Grovyle,grass,,"['Overgrow', 'Unburden']",3,Monster,Dragon,,
254,Sceptile,grass,,"['Overgrow', 'Unburden']",3,Monster,Dragon,,
255,Torchic,fire,,"['Blaze', 'Speed Boost']",3,Field,,,
256,Combusken,fire,fighting,"['Blaze', 'Speed Boost']",3,Field,,,
257,Blaziken,fire,fighting,"['Blaze', 'Speed Boost']",3,Field,,,
258,Mudkip,water,,"['Torrent', 'Damp']",3,Monster,Water 1,,
259,Marshtomp,water,ground,"['Torrent', 'Damp']",3,Monster,Water 1,,
260,Swampert,water,ground,"['Torrent', 'Damp']",3,Monster,Water 1,,
261,Poochyena,dark,,"['Run Away', 'Quick Feet', 'Rattled']",3,Field,,,
262,Mightyena,dark,,"['Intimidate', 'Quick Feet', 'Moxie']",3,Field,,,
263,Zigzagoon,normal,,"['Pickup', 'Gluttony', 'Quick Feet']",3,Field,,,
264,Linoone,normal,,"['Pickup', 'Gluttony', 'Quick Feet']",3,Field,,,
265,Wurmple,bug,,"['Shield Dust', 'Run Away']",3,Bug,,,
266,Silcoon,bug,,['Shed Skin'],3,Bug,,,
267,Beautifly,bug,flying,"['Swarm', 'Rivalry']",3,Bug,,,
268,Cascoon,bug,,['Shed Skin'],3,Bug,,,
269,Dustox,bug,poison,"['Shield Dust', 'Compoundeyes']",3,Bug,,,
270,Lotad,water,grass,"['Swift Swim', 'Rain Dish', 'Own Tempo']",3,Water 1,Grass,,
271,Lombre,water,grass,"['Swift Swim', 'Rain Dish', 'Own Tempo']",3,Water 1,Grass,,
272,Ludicolo,water,grass,"['Swift Swim', 'Rain Dish', 'Own Tempo']",3,Water 1,Grass,,
273,Seedot,grass,,"['Chlorophyll', 'Early Bird', 'Pickpocket']",3,Field,Grass,,
274,Nuzleaf,grass,dark,"['Chlorophyll', 'Early Bird', 'Pickpocket']",3,Field,Grass,,
275,Shiftry,grass,dark,"['Chlorophyll', 'Early Bird', 'Pickpocket']",3,Field,Grass,,
276,Taillow,normal,flying,"['Guts', 'Scrappy']",3,Flying,,,
277,Swellow,normal,flying,"['Guts', 'Scrappy']",3,Flying,,,
278,Wingull,water,flying,"['Keen Eye', 'Hydration', 'Rain Dish']",3,Water 1,Flying,,
279,Pelipper,water,flying,"['Keen Eye', 'Drizzle', 'Rain Dish']",3,Water 1,Flying,,
280,Ralts,psychic,fairy,"['Synchronize', 'Trace', 'Telepathy']",3,Amorphous,,,
281,Kirlia,psychic,fairy,"['Synchronize', 'Trace', 'Telepathy']",3,Amorphous,,,
282,Gardevoir,psychic,fairy,"['Synchronize', 'Trace', 'Telepathy']",3,Amorphous,,,
283,Surskit,bug,water,"['Swift Swim', 'Rain Dish']",3,Water 1,Bug,,
284,Masquerain,bug,flying,"['Intimidate', 'Unnerve']",3,Water 1,Bug,,
285,Shroomish,grass,,"['Effect Spore', 'Poison Heal', 'Quick Feet']",3,Fairy,Grass,,
286,Breloom,grass,fighting,"['Effect Spore', 'Poison Heal', 'Technician']",3,Fairy,Grass,,
287,Slakoth,normal,,['Truant'],3,Field,,,
288,Vigoroth,normal,,['Vital Spirit'],3,Field,,,
289,Slaking,normal,,['Truant'],3,Field,,,
290,Nincada,bug,ground,"['Compoundeyes', 'Run Away']",3,Bug,,,
291,Ninjask,bug,flying,"['Speed Boost', 'Infiltrator']",3,Bug,,,
292,Shedinja,bug,ghost,['Wonder Guard'],3,Mineral,,,
293,Whismur,normal,,"['Soundproof', 'Rattled']",3,Monster,Field,,
294,Loudred,normal,,"['Soundproof', 'Scrappy']",3,Monster,Field,,
295,Exploud,normal,,"['Soundproof', 'Scrappy']",3,Monster,Field,,
296,Makuhita,fighting,,"['Thick Fat', 'Guts', 'Sheer Force']",3,Human-Like,,,
297,Hariyama,fighting,,"['Thick Fat', 'Guts', 'Sheer Force']",3,Human-Like,,,
298,Azurill,normal,fairy,"['Thick Fat', 'Huge Power', 'Sap Sipper']",3,Undiscovered,,,
299,Nosepass,rock,,"['Sturdy', 'Magnet Pull', 'Sand Force']",3,Mineral,,,
300,Skitty,normal,,"['Cute Charm', 'Normalize', 'Wonder Skin ']",3,Field,Fairy,,
301,Delcatty,normal,,"['Cute Charm', 'Normalize', 'Wonder Skin ']",3,Field,Fairy,,
302,Sableye,dark,ghost,"['Keen Eye', 'Stall', 'Prankster']",3,Human-Like,,,
303,Mawile,steel,fairy,"['Hyper Cutter', 'Intimidate', 'Sheer Force']",3,Field,Fairy,,
304,Aron,steel,rock,"['Sturdy', 'Rock Head', 'Heavy Metal']",3,Monster,,,
305,Lairon,steel,rock,"['Sturdy', 'Rock Head', 'Heavy Metal']",3,Monster,,,
306,Aggron,steel,rock,"['Sturdy', 'Rock Head', 'Heavy Metal']",3,Monster,,,
307,Meditite,fighting,psychic,"['Pure Power', 'Telepathy']",3,Human-Like,,,
308,Medicham,fighting,psychic,"['Pure Power', 'Telepathy']",3,Human-Like,,,
309,Electrike,electric,,"['Static', 'Lightningrod', 'Minus']",3,Field,,,
310,Manectric,electric,,"['Static', 'Lightningrod', 'Minus']",3,Field,,,
311,Plusle,electric,,"['Plus', 'Lightningrod']",3,Fairy,,,
312,Minun,electric,,"['Minus', 'Volt Absorb']",3,Fairy,,,
313,Volbeat,bug,,"['Illuminate', 'Swarm', 'Prankster']",3,Bug,Human-Like,,
314,Illumise,bug,,"['Oblivious', 'Tinted Lens', 'Prankster']",3,Bug,Human-Like,,
315,Roselia,grass,poison,"['Natural Cure', 'Poison Point', 'Leaf Guard']",3,Fairy,Grass,,
316,Gulpin,poison,,"['Liquid Ooze', 'Sticky Hold', 'Gluttony']",3,Amorphous,,,
317,Swalot,poison,,"['Liquid Ooze', 'Sticky Hold', 'Gluttony']",3,Amorphous,,,
318,Carvanha,water,dark,"['Rough Skin', 'Speed Boost']",3,Water 2,,,
319,Sharpedo,water,dark,"['Rough Skin', 'Speed Boost']",3,Water 2,,,
320,Wailmer,water,,"['Water Veil', 'Oblivious', 'Pressure']",3,Field,Water 2,,
321,Wailord,water,,"['Water Veil', 'Oblivious', 'Pressure']",3,Field,Water 2,,
322,Numel,fire,ground,"['Oblivious', 'Simple', 'Own Tempo']",3,Field,,,
323,Camerupt,fire,ground,"['Magma Armor', 'Solid Rock', 'Anger Point']",3,Field,,,
324,Torkoal,fire,,"['White Smoke', 'Drought', 'Shell Armor']",3,Field,,,
325,Spoink,psychic,,"['Thick Fat', 'Own Tempo', 'Gluttony']",3,Field,,,
326,Grumpig,psychic,,"['Thick Fat', 'Own Tempo', 'Gluttony']",3,Field,,,
327,Spinda,normal,,"['Own Tempo', 'Tangled Feet', 'Contrary']",3,Field,Human-Like,,
328,Trapinch,ground,,"['Hyper Cutter', 'Arena Trap', 'Sheer Force']",3,Bug,,,
329,Vibrava,ground,dragon,['Levitate'],3,Bug,,,
330,Flygon,ground,dragon,['Levitate'],3,Bug,,,
331,Cacnea,grass,,"['Sand Veil', 'Water Absorb']",3,Grass,Human-Like,,
332,Cacturne,grass,dark,"['Sand Veil', 'Water Absorb']",3,Grass,Human-Like,,
333,Swablu,normal,flying,"['Natural Cure', 'Cloud Nine']",3,Flying,Dragon,,
334,Altaria,dragon,flying,"['Natural Cure', 'Cloud Nine']",3,Flying,Dragon,,
335,Zangoose,normal,,"['Immunity', 'Toxic Boost']",3,Field,,,
336,Seviper,poison,,"['Shed Skin', 'Infiltrator']",3,Field,Dragon,,
337,Lunatone,rock,psychic,['Levitate'],3,Mineral,,,
338,Solrock,rock,psychic,['Levitate'],3,Mineral,,,
339,Barboach,water,ground,"['Oblivious', 'Anticipation', 'Hydration']",3,Water 2,,,
340,Whiscash,water,ground,"['Oblivious', 'Anticipation', 'Hydration']",3,Water 2,,,
341,Corphish,water,,"['Hyper Cutter', 'Shell Armor', 'Adaptability']",3,Water 1,Water 3,,
342,Crawdaunt,water,dark,"['Hyper Cutter', 'Shell Armor', 'Adaptability']",3,Water 1,Water 3,,
343,Baltoy,ground,psychic,['Levitate'],3,Mineral,,,
344,Claydol,ground,psychic,['Levitate'],3,Mineral,,,
345,Lileep,rock,grass,"['Suction Cups', 'Storm Drain']",3,Water 3,,,
346,Cradily,rock,grass,"['Suction Cups', 'Storm Drain']",3,Water 3,,,
347,Anorith,rock,bug,"['Battle Armor', 'Swift Swim']",3,Water 3,,,
348,Armaldo,rock,bug,"['Battle Armor', 'Swift Swim']",3,Water 3,,,
349,Feebas,water,,"['Swift Swim', 'Oblivious', 'Adaptability']",3,Water 1,Dragon,,
350,Milotic,water,,"['Marvel Scale', 'Competitive', 'Cute Charm']",3,Water 1,Dragon,,
351,Castform,normal,,['Forecast'],3,Fairy,Amorphous,,
352,Kecleon,normal,,"['Color Change', 'Protean']",3,Field,,,
353,Shuppet,ghost,,"['Insomnia', 'Frisk', 'Cursed Body']",3,Amorphous,,,
354,Banette,ghost,,"['Insomnia', 'Frisk', 'Cursed Body']",3,Amorphous,,,
355,Duskull,ghost,,"['Levitate', 'Frisk']",3,Amorphous,,,
356,Dusclops,ghost,,"['Pressure', 'Frisk']",3,Amorphous,,,
357,Tropius,grass,flying,"['Chlorophyll', 'Solar Power', 'Harvest']",3,Monster,Grass,,
358,Chimecho,psychic,,['Levitate'],3,Amorphous,,,
359,Absol,dark,,"['Pressure', 'Super Luck', 'Justified']",3,Field,,,
360,Wynaut,psychic,,"['Shadow Tag', 'Telepathy']",3,Undiscovered,,,
361,Snorunt,ice,,"['Inner Focus', 'Ice Body', 'Moody']",3,Fairy,Mineral,,
362,Glalie,ice,,"['Inner Focus', 'Ice Body', 'Moody']",3,Fairy,Mineral,,
363,Spheal,ice,water,"['Thick Fat', 'Ice Body', 'Oblivious']",3,Water 1,Field,,
364,Sealeo,ice,water,"['Thick Fat', 'Ice Body', 'Oblivious']",3,Water 1,Field,,
365,Walrein,ice,water,"['Thick Fat', 'Ice Body', 'Oblivious']",3,Water 1,Field,,
366,Clamperl,water,,"['Shell Armor', 'Rattled']",3,Water 1,,,
367,Huntail,water,,"['Swift Swim', 'Water Veil']",3,Water 1,,,
368,Gorebyss,water,,"['Swift Swim', 'Hydration']",3,Water 1,,,
369,Relicanth,water,rock,"['Swift Swim', 'Rock Head', 'Sturdy']",3,Water 1,Water 2,,
370,Luvdisc,water,,"['Swift Swim', 'Hydration']",3,Water 2,,,
371,Bagon,dragon,,"['Rock Head', 'Sheer Force']",3,Dragon,,,
372,Shelgon,dragon,,"['Rock Head', 'Overcoat']",3,Dragon,,,
373,Salamence,dragon,flying,"['Intimidate', 'Moxie']",3,Dragon,,,
374,Beldum,steel,psychic,"['Clear Body', 'Light Metal']",3,Mineral,,,
375,Metang,steel,psychic,"['Clear Body', 'Light Metal']",3,Mineral,,,
376,Metagross,steel,psychic,"['Clear Body', 'Light Metal']",3,Mineral,,,
377,Regirock,rock,,"['Clear Body', 'Sturdy']",3,Undiscovered,,,
378,Regice,ice,,"['Clear Body', 'Ice Body']",3,Undiscovered,,,
379,Registeel,steel,,"['Clear Body', 'Light Metal']",3,Undiscovered,,,
380,Latias,dragon,psychic,['Levitate'],3,Undiscovered,,,
381,Latios,dragon,psychic,['Levitate'],3,Undiscovered,,,
382,Kyogre,water,,['Drizzle'],3,Undiscovered,,,
383,Groudon,ground,,['Drought'],3,Undiscovered,,,
384,Rayquaza,dragon,flying,['Air Lock'],3,Undiscovered,,,
385,Jirachi,steel,psychic,['Serene Grace'],3,Undiscovered,,,
386,Deoxys,psychic,,['Pressure'],3,Undiscovered,,,
387,Turtwig,grass,,"['Overgrow', 'Shell Armor']",4,Monster,Grass,,
388,Grotle,grass,,"['Overgrow', 'Shell Armor']",4,Monster,Grass,,
389,Torterra,grass,ground,"['Overgrow', 'Shell Armor']",4,Monster,Grass,,
390,Chimchar,fire,,"['Blaze', 'Iron Fist']",4,Field,Human-Like,,
391,Monferno,fire,fighting,"['Blaze', 'Iron Fist']",4,Field,Human-Like,,
392,Infernape,fire,fighting,"['Blaze', 'Iron Fist']",4,Field,Human-Like,,
393,Piplup,water,,"['Torrent', 'Defiant']",4,Water 1,Field,,
394,Prinplup,water,,"['Torrent', 'Defiant']",4,Water 1,Field,,
395,Empoleon,water,steel,"['Torrent', 'Defiant']",4,Water 1,Field,,
396,Starly,normal,flying,"['Keen Eye', 'Reckless']",4,Flying,,,
397,Staravia,normal,flying,"['Intimidate', 'Reckless']",4,Flying,,,
398,Staraptor,normal,flying,"['Intimidate', 'Reckless']",4,Flying,,,
399,Bidoof,normal,,"['Simple', 'Unaware', 'Moody']",4,Water 1,Field,,
400,Bibarel,normal,water,"['Simple', 'Unaware', 'Moody']",4,Water 1,Field,,
401,Kricketot,bug,,"['Shed Skin', 'Run Away']",4,Bug,,,
402,Kricketune,bug,,"['Swarm', 'Technician']",4,Bug,,,
403,Shinx,electric,,"['Rivalry', 'Intimidate', 'Guts']",4,Field,,,
404,Luxio,electric,,"['Rivalry', 'Intimidate', 'Guts']",4,Field,,,
405,Luxray,electric,,"['Rivalry', 'Intimidate', 'Guts']",4,Field,,,
406,Budew,grass,poison,"['Natural Cure', 'Poison Point', 'Leaf Guard']",4,Undiscovered,,,
407,Roserade,grass,poison,"['Natural Cure', 'Poison Point', 'Technician']",4,Fairy,Grass,,
408,Cranidos,rock,,"['Mold Breaker', 'Sheer Force']",4,Monster,,,
409,Rampardos,rock,,"['Mold Breaker', 'Sheer Force']",4,Monster,,,
410,Shieldon,rock,steel,"['Sturdy', 'Soundproof']",4,Monster,,,
411,Bastiodon,rock,steel,"['Sturdy', 'Soundproof']",4,Monster,,,
412,Burmy,bug,,"['Shed Skin', 'Overcoat']",4,Bug,,,
413,Wormadam,bug,grass,"['Anticipation', 'Overcoat']",4,Bug,,,
414,Mothim,bug,flying,"['Swarm', 'Tinted Lens']",4,Bug,,,
415,Combee,bug,flying,"['Honey Gather', 'Hustle']",4,Bug,,,
416,Vespiquen,bug,flying,"['Pressure', 'Unnerve']",4,Bug,,,
417,Pachirisu,electric,,"['Run Away', 'Pickup', 'Volt Absorb']",4,Field,Fairy,,
418,Buizel,water,,"['Swift Swim', 'Water Veil']",4,Water 1,Field,,
419,Floatzel,water,,"['Swift Swim', 'Water Veil']",4,Water 1,Field,,
420,Cherubi,grass,,['Chlorophyll'],4,Fairy,Grass,,
421,Cherrim,grass,,['Flower Gift'],4,Fairy,Grass,,
422,Shellos,water,,"['Sticky Hold', 'Storm Drain', 'Sand Force']",4,Water 1,Amorphous,,
423,Gastrodon,water,ground,"['Sticky Hold', 'Storm Drain', 'Sand Force']",4,Water 1,Amorphous,,
424,Ambipom,normal,,"['Technician', 'Pickup', 'Skill Link']",4,Field,,,
425,Drifloon,ghost,flying,"['Aftermath', 'Unburden', 'Flare Boost']",4,Amorphous,,,
426,Drifblim,ghost,flying,"['Aftermath', 'Unburden', 'Flare Boost']",4,Amorphous,,,
427,Buneary,normal,,"['Run Away', 'Klutz', 'Limber']",4,Field,Human-Like,,
428,Lopunny,normal,,"['Cute Charm', 'Klutz', 'Limber']",4,Field,Human-Like,,
429,Mismagius,ghost,,['Levitate'],4,Amorphous,,,
430,Honchkrow,dark,flying,"['Insomnia', 'Super Luck', 'Moxie']",4,Flying,,,
431,Glameow,normal,,"['Limber', 'Own Tempo', 'Keen Eye']",4,Field,,,
432,Purugly,normal,,"['Thick Fat', 'Own Tempo', 'Defiant']",4,Field,,,
433,Chingling,psychic,,['Levitate'],4,Undiscovered,,,
434,Stunky,poison,dark,"['Stench', 'Aftermath', 'Keen Eye']",4,Field,,,
435,Skuntank,poison,dark,"['Stench', 'Aftermath', 'Keen Eye']",4,Field,,,
436,Bronzor,steel,psychic,"['Levitate', 'Heatproof', 'Heavy Metal']",4,Mineral,,,
437,Bronzong,steel,psychic,"['Levitate', 'Heatproof', 'Heavy Metal']",4,Mineral,,,
438,Bonsly,rock,,"['Sturdy', 'Rock Head', 'Rattled']",4,Undiscovered,,,
439,Mime Jr.,psychic,fairy,"['Soundproof', 'Filter', 'Technician']",4,Undiscovered,,,
440,Happiny,normal,,"['Natural Cure', 'Serene Grace', 'Friend Guard']",4,Undiscovered,,,
441,Chatot,normal,flying,"['Keen Eye', 'Tangled Feet', 'Big Pecks']",4,Flying,,,
442,Spiritomb,ghost,dark,"['Pressure', 'Infiltrator']",4,Amorphous,,,
443,Gible,dragon,ground,"['Sand Veil', 'Rough Skin']",4,Monster,Dragon,,
444,Gabite,dragon,ground,"['Sand Veil', 'Rough Skin']",4,Monster,Dragon,,
445,Garchomp,dragon,ground,"['Sand Veil', 'Rough Skin']",4,Monster,Dragon,,
446,Munchlax,normal,,"['Pickup', 'Thick Fat', 'Gluttony']",4,Undiscovered,,,
447,Riolu,fighting,,"['Steadfast', 'Inner Focus', 'Prankster']",4,Undiscovered,,,
448,Lucario,fighting,steel,"['Steadfast', 'Inner Focus', 'Justified']",4,Field,Human-Like,,
449,Hippopotas,ground,,"['Sand Stream', 'Sand Force']",4,Field,,,
450,Hippowdon,ground,,"['Sand Stream', 'Sand Force']",4,Field,,,
451,Skorupi,poison,bug,"['Battle Armor', 'Sniper', 'Keen Eye']",4,Bug,Water 3,,
452,Drapion,poison,dark,"['Battle Armor', 'Sniper', 'Keen Eye']",4,Bug,Water 3,,
453,Croagunk,poison,fighting,"['Anticipation', 'Dry Skin', 'Poison Touch']",4,Human-Like,,,
454,Toxicroak,poison,fighting,"['Anticipation', 'Dry Skin', 'Poison Touch']",4,Human-Like,,,
455,Carnivine,grass,,['Levitate'],4,Grass,,,
456,Finneon,water,,"['Swift Swim', 'Storm Drain', 'Water Veil']",4,Water 2,,,
457,Lumineon,water,,"['Swift Swim', 'Storm Drain', 'Water Veil']",4,Water 2,,,
458,Mantyke,water,flying,"['Swift Swim', 'Water Absorb', 'Water Veil']",4,Undiscovered,,,
459,Snover,grass,ice,"['Snow Warning', 'Soundproof']",4,Monster,Grass,,
460,Abomasnow,grass,ice,"['Snow Warning', 'Soundproof']",4,Monster,Grass,,
461,Weavile,dark,ice,"['Pressure', 'Pickpocket']",4,Field,,,
462,Magnezone,electric,steel,"['Magnet Pull', 'Sturdy', 'Analytic']",4,Mineral,,,
463,Lickilicky,normal,,"['Own Tempo', 'Oblivious', 'Cloud Nine']",4,Monster,,,
464,Rhyperior,ground,rock,"['Lightningrod', 'Solid Rock', 'Reckless']",4,Monster,Field,,
465,Tangrowth,grass,,"['Chlorophyll', 'Leaf Guard', 'Regenerator']",4,Grass,,,
466,Electivire,electric,,"['Motor Drive', 'Vital Spirit']",4,Human-Like,,,
467,Magmortar,fire,,"['Flame Body', 'Vital Spirit']",4,Human-Like,,,
468,Togekiss,fairy,flying,"['Hustle', 'Serene Grace', 'Super Luck']",4,Flying,Fairy,,
469,Yanmega,bug,flying,"['Speed Boost', 'Tinted Lens', 'Frisk']",4,Bug,,,
470,Leafeon,grass,,"['Leaf Guard', 'Chlorophyll']",4,Field,,,
471,Glaceon,ice,,"['Snow Cloak', 'Ice Body']",4,Field,,,
472,Gliscor,ground,flying,"['Hyper Cutter', 'Sand Veil', 'Poison Heal']",4,Bug,,,
473,Mamoswine,ice,ground,"['Oblivious', 'Snow Cloak', 'Thick Fat']",4,Field,,,
474,Porygon-Z,normal,,"['Adaptability', 'Download', 'Analytic']",4,Mineral,,,
475,Gallade,psychic,fighting,"['Steadfast', 'Justified']",4,Amorphous,,,
476,Probopass,rock,steel,"['Sturdy', 'Magnet Pull', 'Sand Force']",4,Mineral,,,
477,Dusknoir,ghost,,"['Pressure', 'Frisk']",4,Amorphous,,,
478,Froslass,ice,ghost,"['Snow Cloak', 'Cursed Body']",4,Fairy,Mineral,,
479,Rotom,electric,ghost,['Levitate'],4,Amorphous,,,
480,Uxie,psychic,,['Levitate'],4,Undiscovered,,,
481,Mesprit,psychic,,['Levitate'],4,Undiscovered,,,
482,Azelf,psychic,,['Levitate'],4,Undiscovered,,,
483,Dialga,steel,dragon,"['Pressure', 'Telepathy']",4,Undiscovered,,,
484,Palkia,water,dragon,"['Pressure', 'Telepathy']",4,Undiscovered,,,
485,Heatran,fire,steel,"['Flash Fire', 'Flame Body']",4,Undiscovered,,,
486,Regigigas,normal,,['Slow Start'],4,Undiscovered,,,
487,Giratina,ghost,dragon,"['Pressure', 'Telepathy', 'Levitate']",4,Undiscovered,,,
488,Cresselia,psychic,,['Levitate'],4,Undiscovered,,,
489,Phione,water,,['Hydration'],4,Water 1,Fairy,,
490,Manaphy,water,,['Hydration'],4,Water 1,Fairy,,
491,Darkrai,dark,,['Bad Dreams'],4,Undiscovered,,,
492,Shaymin,grass,grass,"['Natural Cure', 'Serene Grace']",4,Undiscovered,,,
493,Arceus,normal,,['Multitype'],4,Undiscovered,,,
494,Victini,psychic,fire,['Victory Star'],5,Undiscovered,,,
495,Snivy,grass,,"['Overgrow', 'Contrary']",5,Field,Grass,,
496,Servine,grass,,"['Overgrow', 'Contrary']",5,Field,Grass,,
497,Serperior,grass,,"['Overgrow', 'Contrary']",5,Field,Grass,,
498,Tepig,fire,,"['Blaze', 'Thick Fat']",5,Field,,,
499,Pignite,fire,fighting,"['Blaze', 'Thick Fat']",5,Field,,,
500,Emboar,fire,fighting,"['Blaze', 'Reckless']",5,Field,,,
501,Oshawott,water,,"['Torrent', 'Shell Armor']",5,Field,,,
502,Dewott,water,,"['Torrent', 'Shell Armor']",5,Field,,,
503,Samurott,water,,"['Torrent', 'Shell Armor']",5,Field,,,
504,Patrat,normal,,"['Run Away', 'Keen Eye', 'Analytic']",5,Field,,,
505,Watchog,normal,,"['Illuminate', 'Keen Eye', 'Analytic']",5,Field,,,
506,Lillipup,normal,,"['Vital Spirit', 'Pickup', 'Run Away']",5,Field,,,
507,Herdier,normal,,"['Intimidate', 'Sand Rush', 'Scrappy']",5,Field,,,
508,Stoutland,normal,,"['Intimidate', 'Sand Rush', 'Scrappy']",5,Field,,,
509,Purrloin,dark,,"['Limber', 'Unburden', 'Prankster']",5,Field,,,
510,Liepard,dark,,"['Limber', 'Unburden', 'Prankster']",5,Field,,,
511,Pansage,grass,,"['Gluttony', 'Overgrow']",5,Field,,,
512,Simisage,grass,,"['Gluttony', 'Overgrow']",5,Field,,,
513,Pansear,fire,,"['Gluttony', 'Blaze']",5,Field,,,
514,Simisear,fire,,"['Gluttony', 'Blaze']",5,Field,,,
515,Panpour,water,,"['Gluttony', 'Torrent']",5,Field,,,
516,Simipour,water,,"['Gluttony', 'Torrent']",5,Field,,,
517,Munna,psychic,,"['Forewarn', 'Synchronize', 'Telepathy']",5,Field,,,
518,Musharna,psychic,,"['Forewarn', 'Synchronize', 'Telepathy']",5,Field,,,
519,Pidove,normal,flying,"['Big Pecks', 'Super Luck', 'Rivalry']",5,Flying,,,
520,Tranquill,normal,flying,"['Big Pecks', 'Super Luck', 'Rivalry']",5,Flying,,,
521,Unfezant,normal,flying,"['Big Pecks', 'Super Luck', 'Rivalry']",5,Flying,,,
522,Blitzle,electric,,"['Lightningrod', 'Motor Drive', 'Sap Sipper']",5,Field,,,
523,Zebstrika,electric,,"['Lightningrod', 'Motor Drive', 'Sap Sipper']",5,Field,,,
524,Roggenrola,rock,,"['Sturdy', 'Weak Armor', 'Sand Force']",5,Mineral,,,
525,Boldore,rock,,"['Sturdy', 'Weak Armor', 'Sand Force']",5,Mineral,,,
526,Gigalith,rock,,"['Sturdy', 'Sand Stream', 'Sand Force']",5,Mineral,,,
527,Woobat,psychic,flying,"['Unaware', 'Klutz', 'Simple']",5,Field,Flying,,
528,Swoobat,psychic,flying,"['Unaware', 'Klutz', 'Simple']",5,Field,Flying,,
529,Drilbur,ground,,"['Sand Rush', 'Sand Force', 'Mold Breaker']",5,Field,,,
530,Excadrill,ground,steel,"['Sand Rush', 'Sand Force', 'Mold Breaker']",5,Field,,,
531,Audino,normal,,"['Healer', 'Regenerator', 'Klutz']",5,Fairy,,,
532,Timburr,fighting,,"['Guts', 'Sheer Force', 'Iron Fist']",5,Human-Like,,,
533,Gurdurr,fighting,,"['Guts', 'Sheer Force', 'Iron Fist']",5,Human-Like,,,
534,Conkeldurr,fighting,,"['Guts', 'Sheer Force', 'Iron Fist']",5,Human-Like,,,
535,Tympole,water,,"['Swift Swim', 'Hydration', 'Water Absorb']",5,Water 1,,,
536,Palpitoad,water,ground,"['Swift Swim', 'Hydration', 'Water Absorb']",5,Water 1,,,
537,Seismitoad,water,ground,"['Swift Swim', 'Poison Touch', 'Water Absorb']",5,Water 1,,,
538,Throh,fighting,,"['Guts', 'Inner Focus', 'Mold Breaker']",5,Human-Like,,,
539,Sawk,fighting,,"['Sturdy', 'Inner Focus', 'Mold Breaker']",5,Human-Like,,,
540,Sewaddle,bug,grass,"['Swarm', 'Chlorophyll', 'Overcoat']",5,Bug,,,
541,Swadloon,bug,grass,"['Leaf Guard', 'Chlorophyll', 'Overcoat']",5,Bug,,,
542,Leavanny,bug,grass,"['Swarm', 'Chlorophyll', 'Overcoat']",5,Bug,,,
543,Venipede,bug,poison,"['Poison Point', 'Swarm', 'Speed Boost']",5,Bug,,,
544,Whirlipede,bug,poison,"['Poison Point', 'Swarm', 'Speed Boost']",5,Bug,,,
545,Scolipede,bug,poison,"['Poison Point', 'Swarm', 'Speed Boost']",5,Bug,,,
546,Cottonee,grass,fairy,"['Prankster', 'Infiltrator', 'Chlorophyll']",5,Grass,Fairy,,
547,Whimsicott,grass,fairy,"['Prankster', 'Infiltrator', 'Chlorophyll']",5,Grass,Fairy,,
548,Petilil,grass,,"['Chlorophyll', 'Own Tempo', 'Leaf Guard']",5,Grass,,,
549,Lilligant,grass,,"['Chlorophyll', 'Own Tempo', 'Leaf Guard']",5,Grass,,,
550,Basculin,water,,"['Reckless', 'Rock Head', 'Adaptability', 'Mold Breaker']",5,Water 2,,,
551,Sandile,ground,dark,"['Intimidate', 'Moxie', 'Anger Point']",5,Field,,,
552,Krokorok,ground,dark,"['Intimidate', 'Moxie', 'Anger Point']",5,Field,,,
553,Krookodile,ground,dark,"['Intimidate', 'Moxie', 'Anger Point']",5,Field,,,
554,Darumaka,fire,,"['Hustle', 'Inner Focus']",5,Field,,,
555,Darmanitan,fire,fire,"['Sheer Force', 'Zen Mode']",5,Field,,,
556,Maractus,grass,,"['Water Absorb', 'Chlorophyll', 'Storm Drain']",5,Grass,,,
557,Dwebble,bug,rock,"['Sturdy', 'Shell Armor', 'Weak Armor']",5,Bug,Mineral,,
558,Crustle,bug,rock,"['Sturdy', 'Shell Armor', 'Weak Armor']",5,Bug,Mineral,,
559,Scraggy,dark,fighting,"['Shed Skin', 'Moxie', 'Intimidate']",5,Field,Dragon,,
560,Scrafty,dark,fighting,"['Shed Skin', 'Moxie', 'Intimidate']",5,Field,Dragon,,
561,Sigilyph,psychic,flying,"['Wonder Skin ', 'Magic Guard', 'Tinted Lens']",5,Flying,,,
562,Yamask,ghost,,['Mummy'],5,Mineral,Amorphous,,
563,Cofagrigus,ghost,,['Mummy'],5,Mineral,Amorphous,,
564,Tirtouga,water,rock,"['Solid Rock', 'Sturdy', 'Swift Swim']",5,Water 1,Water 3,,
565,Carracosta,water,rock,"['Solid Rock', 'Sturdy', 'Swift Swim']",5,Water 1,Water 3,,
566,Archen,rock,flying,['Defeatist'],5,Flying,Water 3,,
567,Archeops,rock,flying,['Defeatist'],5,Flying,Water 3,,
568,Trubbish,poison,,"['Stench', 'Sticky Hold', 'Aftermath']",5,Mineral,,,
569,Garbodor,poison,,"['Stench', 'Weak Armor', 'Aftermath']",5,Mineral,,,
570,Zorua,dark,,['Illusion'],5,Field,,,
571,Zoroark,dark,,['Illusion'],5,Field,,,
572,Minccino,normal,,"['Cute Charm', 'Technician', 'Skill Link']",5,Field,,,
573,Cinccino,normal,,"['Cute Charm', 'Technician', 'Skill Link']",5,Field,,,
574,Gothita,psychic,,"['Frisk', 'Competitive', 'Shadow Tag']",5,Human-Like,,,
575,Gothorita,psychic,,"['Frisk', 'Competitive', 'Shadow Tag']",5,Human-Like,,,
576,Gothitelle,psychic,,"['Frisk', 'Competitive', 'Shadow Tag']",5,Human-Like,,,
577,Solosis,psychic,,"['Overcoat', 'Magic Guard', 'Regenerator']",5,Amorphous,,,
578,Duosion,psychic,,"['Overcoat', 'Magic Guard', 'Regenerator']",5,Amorphous,,,
579,Reuniclus,psychic,,"['Overcoat', 'Magic Guard', 'Regenerator']",5,Amorphous,,,
580,Ducklett,water,flying,"['Keen Eye', 'Big Pecks', 'Hydration']",5,Water 1,Flying,,
581,Swanna,water,flying,"['Keen Eye', 'Big Pecks', 'Hydration']",5,Water 1,Flying,,
582,Vanillite,ice,,"['Ice Body', 'Snow Cloak', 'Weak Armor']",5,Mineral,,,
583,Vanillish,ice,,"['Ice Body', 'Snow Cloak', 'Weak Armor']",5,Mineral,,,
584,Vanilluxe,ice,,"['Ice Body', 'Snow Warning', 'Weak Armor']",5,Mineral,,,
585,Deerling,normal,grass,"['Chlorophyll', 'Sap Sipper', 'Serene Grace']",5,Field,,,
586,Sawsbuck,normal,grass,"['Chlorophyll', 'Sap Sipper', 'Serene Grace']",5,Field,,,
587,Emolga,electric,flying,"['Static', 'Motor Drive']",5,Field,,,
588,Karrablast,bug,,"['Swarm', 'Shed Skin', 'No Guard']",5,Bug,,,
589,Escavalier,bug,steel,"['Swarm', 'Shell Armor', 'Overcoat']",5,Bug,,,
590,Foongus,grass,poison,"['Effect Spore', 'Regenerator']",5,Grass,,,
591,Amoonguss,grass,poison,"['Effect Spore', 'Regenerator']",5,Grass,,,
592,Frillish,water,ghost,"['Water Absorb', 'Cursed Body', 'Damp']",5,Amorphous,,,
593,Jellicent,water,ghost,"['Water Absorb', 'Cursed Body', 'Damp']",5,Amorphous,,,
594,Alomomola,water,,"['Healer', 'Hydration', 'Regenerator']",5,Water 1,Water 2,,
595,Joltik,bug,electric,"['Compoundeyes', 'Unnerve', 'Swarm']",5,Bug,,,
596,Galvantula,bug,electric,"['Compoundeyes', 'Unnerve', 'Swarm']",5,Bug,,,
597,Ferroseed,grass,steel,['Iron Barbs'],5,Grass,Mineral,,
598,Ferrothorn,grass,steel,"['Iron Barbs', 'Anticipation']",5,Grass,Mineral,,
599,Klink,steel,,"['Plus', 'Minus', 'Clear Body']",5,Mineral,,,
600,Klang,steel,,"['Plus', 'Minus', 'Clear Body']",5,Mineral,,,
601,Klinklang,steel,,"['Plus', 'Minus', 'Clear Body']",5,Mineral,,,
602,Tynamo,electric,,['Levitate'],5,Amorphous,,,
603,Eelektrik,electric,,['Levitate'],5,Amorphous,,,
604,Eelektross,electric,,['Levitate'],5,Amorphous,,,
605,Elgyem,psychic,,"['Telepathy', 'Synchronize', 'Analytic']",5,Human-Like,,,
606,Beheeyem,psychic,,"['Telepathy', 'Synchronize', 'Analytic']",5,Human-Like,,,
607,Litwick,ghost,fire,"['Flash Fire', 'Flame Body', 'Infiltrator']",5,Amorphous,,,
608,Lampent,ghost,fire,"['Flash Fire', 'Flame Body', 'Infiltrator']",5,Amorphous,,,
609,Chandelure,ghost,fire,"['Flash Fire', 'Flame Body', 'Infiltrator']",5,Amorphous,,,
610,Axew,dragon,,"['Rivalry', 'Mold Breaker', 'Unnerve']",5,Monster,Dragon,,
611,Fraxure,dragon,,"['Rivalry', 'Mold Breaker', 'Unnerve']",5,Monster,Dragon,,
612,Haxorus,dragon,,"['Rivalry', 'Mold Breaker', 'Unnerve']",5,Monster,Dragon,,
613,Cubchoo,ice,,"['Snow Cloak', 'Slush Rush', 'Rattled']",5,Field,,,
614,Beartic,ice,,"['Snow Cloak', 'Slush Rush', 'Swift Swim']",5,Field,,,
615,Cryogonal,ice,,['Levitate'],5,Mineral,,,
616,Shelmet,bug,,"['Hydration', 'Shell Armor', 'Overcoat']",5,Bug,,,
617,Accelgor,bug,,"['Hydration', 'Sticky Hold', 'Unburden']",5,Bug,,,
618,Stunfisk,ground,electric,"['Static', 'Limber', 'Sand Veil']",5,Water 1,Amorphous,,
619,Mienfoo,fighting,,"['Inner Focus', 'Regenerator', 'Reckless']",5,Field,Human-Like,,
620,Mienshao,fighting,,"['Inner Focus', 'Regenerator', 'Reckless']",5,Field,Human-Like,,
621,Druddigon,dragon,,"['Rough Skin', 'Sheer Force', 'Mold Breaker']",5,Dragon,Monster,,
622,Golett,ground,ghost,"['Iron Fist', 'Klutz', 'No Guard']",5,Mineral,,,
623,Golurk,ground,ghost,"['Iron Fist', 'Klutz', 'No Guard']",5,Mineral,,,
624,Pawniard,dark,steel,"['Defiant', 'Inner Focus', 'Pressure']",5,Human-Like,,,
625,Bisharp,dark,steel,"['Defiant', 'Inner Focus', 'Pressure']",5,Human-Like,,,
626,Bouffalant,normal,,"['Reckless', 'Sap Sipper', 'Soundproof']",5,Field,,,
627,Rufflet,normal,flying,"['Keen Eye', 'Sheer Force', 'Hustle']",5,Flying,,,
628,Braviary,normal,flying,"['Keen Eye', 'Sheer Force', 'Defiant']",5,Flying,,,
629,Vullaby,dark,flying,"['Big Pecks', 'Overcoat', 'Weak Armor']",5,Flying,,,
630,Mandibuzz,dark,flying,"['Big Pecks', 'Overcoat', 'Weak Armor']",5,Flying,,,
631,Heatmor,fire,,"['Gluttony', 'Flash Fire', 'White Smoke']",5,Field,,,
632,Durant,bug,steel,"['Swarm', 'Hustle', 'Truant']",5,Bug,,,
633,Deino,dark,dragon,['Hustle'],5,Dragon,,,
634,Zweilous,dark,dragon,['Hustle'],5,Dragon,,,
635,Hydreigon,dark,dragon,['Levitate'],5,Dragon,,,
636,Larvesta,bug,fire,"['Flame Body', 'Swarm']",5,Bug,,,
637,Volcarona,bug,fire,"['Flame Body', 'Swarm']",5,Bug,,,
638,Cobalion,steel,fighting,['Justified'],5,Undiscovered,,,
639,Terrakion,rock,fighting,['Justified'],5,Undiscovered,,,
640,Virizion,grass,fighting,['Justified'],5,Undiscovered,,,
641,Tornadus,flying,,"['Prankster', 'Defiant', 'Regenerator']",5,Undiscovered,,,
642,Thundurus,electric,flying,"['Prankster', 'Defiant', 'Volt Absorb']",5,Undiscovered,,,
643,Reshiram,dragon,fire,['Turboblaze'],5,Undiscovered,,,
644,Zekrom,dragon,electric,['Teravolt'],5,Undiscovered,,,
645,Landorus,ground,flying,"['Sand Force', 'Sheer Force', 'Intimidate']",5,Undiscovered,,,
646,Kyurem,dragon,ice,"['Pressure', 'Teravolt', 'Turboblaze']",5,Undiscovered,,,
647,Keldeo,water,fighting,['Justified'],5,Undiscovered,,,
648,Meloetta,normal,psychic,['Serene Grace'],5,Undiscovered,,,
649,Genesect,bug,steel,['Download'],5,Undiscovered,,,
650,Chespin,grass,,"['Overgrow', 'Bulletproof']",6,Field,,,
651,Quilladin,grass,,"['Overgrow', 'Bulletproof']",6,Field,,,
652,Chesnaught,grass,fighting,"['Overgrow', 'Bulletproof']",6,Field,,,
653,Fennekin,fire,,"['Blaze', 'Magician']",6,Field,,,
654,Braixen,fire,,"['Blaze', 'Magician']",6,Field,,,
655,Delphox,fire,psychic,"['Blaze', 'Magician']",6,Field,,,
656,Froakie,water,,"['Torrent', 'Protean']",6,Water 1,,,
657,Frogadier,water,,"['Torrent', 'Protean']",6,Water 1,,,
658,Greninja,water,dark,"['Torrent', 'Protean', 'Battle Bond']",6,Water 1,,,
659,Bunnelby,normal,,"['Pickup', 'Cheek Pouch', 'Huge Power']",6,Field,,,
660,Diggersby,normal,ground,"['Pickup', 'Cheek Pouch', 'Huge Power']",6,Field,,,
661,Fletchling,normal,flying,"['Big Pecks', 'Gale Wings']",6,Flying,,,
662,Fletchinder,fire,flying,"['Flame Body', 'Gale Wings']",6,Flying,,,
663,Talonflame,fire,flying,"['Flame Body', 'Gale Wings']",6,Flying,,,
664,Scatterbug,bug,,"['Shield Dust', 'Compoundeyes', 'Friend Guard']",6,Bug,,,
665,Spewpa,bug,,"['Shed Skin', 'Friend Guard']",6,Bug,,,
666,Vivillon,bug,flying,"['Shield Dust', 'Compoundeyes', 'Friend Guard']",6,Bug,,,
667,Litleo,fire,normal,"['Rivalry', 'Unnerve', 'Moxie']",6,Field,,,
668,Pyroar,fire,normal,"['Rivalry', 'Unnerve', 'Moxie']",6,Field,,,
669,Flabébé,fairy,,"['Flower Veil', 'Symbiosis']",6,Fairy,,,
670,Floette,fairy,,"['Flower Veil', 'Symbiosis']",6,Fairy,,,
671,Florges,fairy,,"['Flower Veil', 'Symbiosis']",6,Fairy,,,
672,Skiddo,grass,,"['Sap Sipper', 'Grass Pelt']",6,Field,,,
673,Gogoat,grass,,"['Sap Sipper', 'Grass Pelt']",6,Field,,,
674,Pancham,fighting,,"['Iron Fist', 'Mold Breaker', 'Scrappy']",6,Field,Human-Like,,
675,Pangoro,fighting,dark,"['Iron Fist', 'Mold Breaker', 'Scrappy']",6,Field,Human-Like,,
676,Furfrou,normal,,['Fur Coat'],6,Field,,,
677,Espurr,psychic,,"['Keen Eye', 'Infiltrator', 'Own Tempo']",6,Field,,,
678,Meowstic,psychic,,"['Keen Eye', 'Infiltrator', 'Prankster', 'Competitive']",6,Field,,,
679,Honedge,steel,ghost,['No Guard'],6,Mineral,,,
680,Doublade,steel,ghost,['No Guard'],6,Mineral,,,
681,Aegislash,steel,ghost,['Stance Change'],6,Mineral,,,
682,Spritzee,fairy,,"['Healer', 'Aroma Veil']",6,Fairy,,,
683,Aromatisse,fairy,,"['Healer', 'Aroma Veil']",6,Fairy,,,
684,Swirlix,fairy,,"['Sweet Veil', 'Unburden']",6,Fairy,,,
685,Slurpuff,fairy,,"['Sweet Veil', 'Unburden']",6,Fairy,,,
686,Inkay,dark,psychic,"['Contrary', 'Suction Cups', 'Infiltrator']",6,Water 1,Water 2,,
687,Malamar,dark,psychic,"['Contrary', 'Suction Cups', 'Infiltrator']",6,Water 1,Water 2,,
688,Binacle,rock,water,"['Tough Claws', 'Sniper', 'Pickpocket']",6,Water 3,,,
689,Barbaracle,rock,water,"['Tough Claws', 'Sniper', 'Pickpocket']",6,Water 3,,,
690,Skrelp,poison,water,"['Poison Point', 'Poison Touch', 'Adaptability']",6,Water 1,Dragon,,
691,Dragalge,poison,dragon,"['Poison Point', 'Poison Touch', 'Adaptability']",6,Water 1,Dragon,,
692,Clauncher,water,,['Mega Launcher'],6,Water 1,Water 3,,
693,Clawitzer,water,,['Mega Launcher'],6,Water 1,Water 3,,
694,Helioptile,electric,normal,"['Dry Skin', 'Sand Veil', 'Solar Power']",6,Monster,Dragon,,
695,Heliolisk,electric,normal,"['Dry Skin', 'Sand Veil', 'Solar Power']",6,Monster,Dragon,,
696,Tyrunt,rock,dragon,"['Strong Jaw', 'Sturdy']",6,Monster,Dragon,,
697,Tyrantrum,rock,dragon,"['Strong Jaw', 'Rock Head']",6,Monster,Dragon,,
698,Amaura,rock,ice,"['Refrigerate', 'Snow Warning']",6,Monster,,,
699,Aurorus,rock,ice,"['Refrigerate', 'Snow Warning']",6,Monster,,,
700,Sylveon,fairy,,"['Cute Charm', 'Pixilate']",6,Field,,,
701,Hawlucha,fighting,flying,"['Limber', 'Unburden', 'Mold Breaker']",6,Human-Like,,,
702,Dedenne,electric,fairy,"['Cheek Pouch', 'Pickup', 'Plus']",6,Field,Fairy,,
703,Carbink,rock,fairy,"['Clear Body', 'Sturdy']",6,Fairy,Mineral,,
704,Goomy,dragon,,"['Sap Sipper', 'Hydration', 'Gooey']",6,Dragon,,,
705,Sliggoo,dragon,,"['Sap Sipper', 'Hydration', 'Gooey']",6,Dragon,,,
706,Goodra,dragon,,"['Sap Sipper', 'Hydration', 'Gooey']",6,Dragon,,,
707,Klefki,steel,fairy,"['Prankster', 'Magician']",6,Mineral,,,
708,Phantump,ghost,grass,"['Natural Cure', 'Frisk', 'Harvest']",6,Grass,Amorphous,,
709,Trevenant,ghost,grass,"['Natural Cure', 'Frisk', 'Harvest']",6,Grass,Amorphous,,
710,Pumpkaboo,ghost,grass,"['Pickup', 'Frisk', 'Insomnia']",6,Amorphous,,,
711,Gourgeist,ghost,grass,"['Pickup', 'Frisk', 'Insomnia']",6,Amorphous,,,
712,Bergmite,ice,,"['Own Tempo', 'Ice Body', 'Sturdy']",6,Monster,,,
713,Avalugg,ice,,"['Own Tempo', 'Ice Body', 'Sturdy']",6,Monster,,,
714,Noibat,flying,dragon,"['Frisk', 'Infiltrator', 'Telepathy']",6,Flying,,,
715,Noivern,flying,dragon,"['Frisk', 'Infiltrator', 'Telepathy']",6,Flying,,,
716,Xerneas,fairy,,['Fairy Aura'],6,Undiscovered,,,
717,Yveltal,dark,flying,['Dark Aura'],6,Undiscovered,,,
718,Zygarde,dragon,ground,"['Aura Break', 'Power Construct']",6,Undiscovered,,,
719,Diancie,rock,fairy,['Clear Body'],6,Undiscovered,,,
720,Hoopa,psychic,ghost,['Magician'],6,Undiscovered,,,
721,Volcanion,fire,water,['Water Absorb'],6,Undiscovered,,,
722,Rowlet,grass,flying,"['Overgrow', 'Long Reach']",7,Flying,,,
723,Dartrix,grass,flying,"['Overgrow', 'Long Reach']",7,Flying,,,
724,Decidueye,grass,ghost,"['Overgrow', 'Long Reach']",7,Flying,,,
725,Litten,fire,,"['Blaze', 'Intimidate']",7,Field,,,
726,Torracat,fire,,"['Blaze', 'Intimidate']",7,Field,,,
727,Incineroar,fire,dark,"['Blaze', 'Intimidate']",7,Field,,,
728,Popplio,water,,"['Torrent', 'Liquid Voice']",7,Water 1,Field,,
729,Brionne,water,,"['Torrent', 'Liquid Voice']",7,Water 1,Field,,
730,Primarina,water,fairy,"['Torrent', 'Liquid Voice']",7,Water 1,Field,,
731,Pikipek,normal,flying,"['Keen Eye', 'Skill Link', 'Pickup']",7,Flying,,,
732,Trumbeak,normal,flying,"['Keen Eye', 'Skill Link', 'Pickup']",7,Flying,,,
733,Toucannon,normal,flying,"['Keen Eye', 'Skill Link', 'Sheer Force']",7,Flying,,,
734,Yungoos,normal,,"['Stakeout', 'Strong Jaw', 'Adaptability']",7,Field,,,
735,Gumshoos,normal,,"['Stakeout', 'Strong Jaw', 'Adaptability']",7,Field,,,
736,Grubbin,bug,,['Swarm'],7,Bug,,,
737,Charjabug,bug,electric,['Battery'],7,Bug,,,
738,Vikavolt,bug,electric,['Levitate'],7,Bug,,,
739,Crabrawler,fighting,,"['Hyper Cutter', 'Iron Fist', 'Anger Point']",7,Water 3,,,
740,Crabominable,fighting,ice,"['Hyper Cutter', 'Iron Fist', 'Anger Point']",7,Water 3,,,
741,Oricorio,fire,flying,['Dancer'],7,Flying,,,
742,Cutiefly,bug,fairy,"['Honey Gather', 'Shield Dust', 'Sweet Veil']",7,Bug,Fairy,,
743,Ribombee,bug,fairy,"['Honey Gather', 'Shield Dust', 'Sweet Veil']",7,Bug,Fairy,,
744,Rockruff,rock,,"['Keen Eye', 'Vital Spirit', 'Steadfast']",7,Field,,,
745,Lycanroc,rock,,"['Keen Eye', 'Sand Rush', 'Steadfast', 'Keen Eye', 'Vital Spirit', 'No Guard']",7,Field,,,
746,Wishiwashi,water,,['Schooling'],7,Water 2,,,
747,Mareanie,poison,water,"['Merciless', 'Limber', 'Regenerator']",7,Water 1,,,
748,Toxapex,poison,water,"['Merciless', 'Limber', 'Regenerator']",7,Water 1,,,
749,Mudbray,ground,,"['Own Tempo', 'Stamina', 'Inner Focus']",7,Field,,,
750,Mudsdale,ground,,"['Own Tempo', 'Stamina', 'Inner Focus']",7,Field,,,
751,Dewpider,water,bug,"['Water Bubble', 'Water Absorb']",7,Water 1,Bug,,
752,Araquanid,water,bug,"['Water Bubble', 'Water Absorb']",7,Water 1,Bug,,
753,Fomantis,grass,,"['Leaf Guard', 'Contrary']",7,Grass,,,
754,Lurantis,grass,,"['Leaf Guard', 'Contrary']",7,Grass,,,
755,Morelull,grass,fairy,"['Illuminate', 'Effect Spore', 'Rain Dish']",7,Grass,,,
756,Shiinotic,grass,fairy,"['Illuminate', 'Effect Spore', 'Rain Dish']",7,Grass,,,
757,Salandit,poison,fire,"['Corrosion', 'Oblivious']",7,Monster,Dragon,,
758,Salazzle,poison,fire,"['Corrosion', 'Oblivious']",7,Monster,Dragon,,
759,Stufful,normal,fighting,"['Fluffy', 'Klutz', 'Cute Charm']",7,Field,,,
760,Bewear,normal,fighting,"['Fluffy', 'Klutz', 'Unnerve']",7,Field,,,
761,Bounsweet,grass,,"['Leaf Guard', 'Oblivious', 'Sweet Veil']",7,Grass,,,
762,Steenee,grass,,"['Leaf Guard', 'Oblivious', 'Sweet Veil']",7,Grass,,,
763,Tsareena,grass,,"['Leaf Guard', 'Queenly Majesty', 'Sweet Veil']",7,Grass,,,
764,Comfey,fairy,,"['Flower Veil', 'Triage', 'Natural Cure']",7,Grass,,,
765,Oranguru,normal,psychic,"['Inner Focus', 'Telepathy', 'Symbiosis']",7,Field,,,
766,Passimian,fighting,,"['Receiver', 'Defiant']",7,Field,,,
767,Wimpod,bug,water,['Wimp Out'],7,Bug,Water 3,,
768,Golisopod,bug,water,['Emergency Exit'],7,Bug,Water 3,,
769,Sandygast,ghost,ground,"['Water Compaction', 'Sand Veil']",7,Amorphous,,,
770,Palossand,ghost,ground,"['Water Compaction', 'Sand Veil']",7,Amorphous,,,
771,Pyukumuku,water,,"['Innards Out', 'Unaware']",7,Water 1,,,
772,Type: Null,normal,,['Battle Armor'],7,Undiscovered,,,
773,Silvally,normal,,['RKS System'],7,Undiscovered,,,
774,Minior,rock,flying,['Shields Down'],7,Mineral,,,
775,Komala,normal,,['Comatose'],7,Field,,,
776,Turtonator,fire,dragon,['Shell Armor'],7,Monster,Dragon,,
777,Togedemaru,electric,steel,"['Iron Barbs', 'Lightningrod', 'Sturdy']",7,Field,Fairy,,
778,Mimikyu,ghost,fairy,['Disguise'],7,Amorphous,,,
779,Bruxish,water,psychic,"['Dazzling', 'Strong Jaw', 'Wonder Skin ']",7,Water 2,,,
780,Drampa,normal,dragon,"['Berserk', 'Sap Sipper', 'Cloud Nine']",7,Monster,Dragon,,
781,Dhelmise,ghost,grass,['Steelworker'],7,Mineral,,,
782,Jangmo-o,dragon,,"['Bulletproof', 'Soundproof', 'Overcoat']",7,Dragon,,,
783,Hakamo-o,dragon,fighting,"['Bulletproof', 'Soundproof', 'Overcoat']",7,Dragon,,,
784,Kommo-o,dragon,fighting,"['Bulletproof', 'Soundproof', 'Overcoat']",7,Dragon,,,
785,Tapu Koko,electric,fairy,"['Electric Surge', 'Telepathy']",7,Undiscovered,,,
786,Tapu Lele,psychic,fairy,"['Psychic Surge', 'Telepathy']",7,Undiscovered,,,
787,Tapu Bulu,grass,fairy,"['Grassy Surge', 'Telepathy']",7,Undiscovered,,,
788,Tapu Fini,water,fairy,"['Misty Surge', 'Telepathy']",7,Undiscovered,,,
789,Cosmog,psychic,,['Unaware'],7,Undiscovered,,,
790,Cosmoem,psychic,,['Sturdy'],7,Undiscovered,,,
791,Solgaleo,psychic,steel,['Full Metal Body'],7,Undiscovered,,,
792,Lunala,psychic,ghost,['Shadow Shield'],7,Undiscovered,,,
793,Nihilego,rock,poison,['Beast Boost'],7,Undiscovered,,,
794,Buzzwole,bug,fighting,['Beast Boost'],7,Undiscovered,,,
795,Pheromosa,bug,fighting,['Beast Boost'],7,Undiscovered,,,
796,Xurkitree,electric,,['Beast Boost'],7,Undiscovered,,,
797,Celesteela,steel,flying,['Beast Boost'],7,Undiscovered,,,
798,Kartana,grass,steel,['Beast Boost'],7,Undiscovered,,,
799,Guzzlord,dark,dragon,['Beast Boost'],7,Undiscovered,,,
800,Necrozma,psychic,,['Prism Armor'],7,Undiscovered,,,
801,Magearna,steel,fairy,['Soul-Heart'],7,Undiscovered,,,
,,,,,,Undiscovered,,,
,,,,,,Undiscovered,,,
,,,,,,Undiscovered,,,
,,,,,,Undiscovered,,,
,,,,,,Undiscovered,,,
,,,,,,Undiscovered,,,