1,"['Overgrow', 'Chlorophyll']",Bulbasaur,grass,poison,1,Monster,Grass,,,
2,"['Overgrow', 'Chlorophyll']",Ivysaur,grass,poison,1,Monster,Grass,,,
3,"['Overgrow', 'Chlorophyll']",Venusaur,grass,poison,1,Monster,Grass,,,
4,"['Blaze', 'Solar Power']",Charmander,fire,,1,Monster,Dragon,,,
5,"['Blaze', 'Solar Power']",Charmeleon,fire,,1,Monster,Dragon,,,
6,"['Blaze', 'Solar Power']",Charizard,fire,flying,1,Monster,,,,
7,"['Torrent', 'Rain Dish']",Squirtle,water,,1,Monster,Water 1,,,
8,"['Torrent', 'Rain Dish']",Wartortle,water,,1,Monster,Water 1,,,3
9,"['Torrent', 'Rain Dish']",Blastoise,water,,1,Monster,Water 1,,,
10,"['Shield Dust', 'Run Away']",Caterpie,bug,,1,Bug,,,,
11,['Shed Skin'],Metapod,bug,,1,Bug,,,,
12,"['Compoundeyes', 'Tinted Lens']",Butterfree,bug,flying,1,Bug,,,,
13,"['Shield Dust', 'Run Away']",Weedle,bug,poison,1,Bug,,,,
14,['Shed Skin'],Kakuna,bug,poison,1,Bug,,,,
15,"['Swarm', 'Sniper']",Beedrill,bug,poison,1,Bug,,,,
16,"['Keen Eye', 'Tangled Feet', 'Big Pecks']",Pidgey,normal,flying,1,Flying,,,,
17,"['Keen Eye', 'Tangled Feet', 'Big Pecks']",Pidgeotto,normal,flying,1,Flying,,,,
18,"['Keen Eye', 'Tangled Feet', 'Big Pecks']",Pidgeot,normal,flying,1,Flying,,,,
19,"['Run Away', 'Guts', 'Hustle', 'Gluttony', 'Hustle', 'Thick Fat']",Rattata,normal,dark,1,Field,,,,
20,"['Run Away', 'Guts', 'Hustle', 'Gluttony', 'Hustle', 'Thick Fat']",Raticate,normal,dark,1,Field,,,,
21,"['Keen Eye', 'Sniper']",Spearow,normal,flying,1,Flying,,,,
22,"['Keen Eye', 'Sniper']",Fearow,normal,flying,1,Flying,,,,
23,"['Intimidate', 'Shed Skin', 'Unnerve']",Ekans,poison,,1,Field,Dragon,,,
24,"['Intimidate', 'Shed Skin', 'Unnerve']",Arbok,poison,,1,Field,Dragon,,,
25,"['Static', 'Lightningrod']",Pikachu,electric,,1,Field,Fairy,,,
26,"['Static', 'Lightningrod', 'Surge Surfer']",Raichu,electric,electric,1,Field,Fairy,,,
27,"['Sand Veil', 'Sand Rush', 'Snow Cloak', 'Slush Rush']",Sandshrew,ground,ice,1,Field,,,,
28,"['Sand Veil', 'Sand Rush', 'Snow Cloak', 'Slush Rush']",Sandslash,ground,ice,1,Field,,,,
29,"['Poison Point', 'Rivalry', 'Hustle']",Nidoran♀,poison,,1,Monster,Field,,,
30,"['Poison Point', 'Rivalry', 'Hustle']",Nidorina,poison,,1,Undiscovered,,,,
31,"['Poison Point', 'Rivalry', 'Sheer Force']",Nidoqueen,poison,ground,1,Undiscovered,,,,
32,"['Poison Point', 'Rivalry', 'Hustle']",Nidoran♂,poison,,1,Monster,Field,,,
33,"['Poison Point', 'Rivalry', 'Hustle']",Nidorino,poison,,1,Monster,Field,,,
34,"['Poison Point', 'Rivalry', 'Sheer Force']",Nidoking,poison,ground,1,Monster,Field,,,
35,"['Cute Charm', 'Magic Guard', 'Friend Guard']",Clefairy,fairy,,1,Fairy,,,,
36,"['Cute Charm', 'Magic Guard', 'Unaware']",Clefable,fairy,,1,Fairy,,,,
37,"['Flash Fire', 'Drought', 'Snow Cloak', 'Snow Warning']",Vulpix,fire,ice,1,Field,,,,
38,"['Flash Fire', 'Drought', 'Snow Cloak', 'Snow Warning']",Ninetales,fire,ice,1,Field,,,,
39,"['Cute Charm', 'Competitive', 'Friend Guard']",Jigglypuff,normal,fairy,1,Fairy,,,,
40,"['Cute Charm', 'Competitive', 'Frisk']",Wigglytuff,normal,fairy,1,Fairy,,,,
41,"['Inner Focus', 'Infiltrator']",Zubat,poison,flying,1,Flying,,,,
42,"['Inner Focus', 'Infiltrator']",Golbat,poison,flying,1,Flying,,,,
43,"['Chlorophyll', 'Run Away']",Oddish,grass,poison,1,Grass,,,,
44,"['Chlorophyll', 'Stench']",Gloom,grass,poison,1,Grass,,,,
45,"['Chlorophyll', 'Effect Spore']",Vileplume,grass,poison,1,Grass,,,,
46,"['Effect Spore', 'Dry Skin', 'Damp']",Paras,bug,grass,1,Bug,Grass,,,
47,"['Effect Spore', 'Dry Skin', 'Damp']",Parasect,bug,grass,1,Bug,Grass,,,
48,"['Compoundeyes', 'Tinted Lens', 'Run Away']",Venonat,bug,poison,1,Bug,,,,
49,"['Shield Dust', 'Tinted Lens', 'Wonder Skin ']",Venomoth,bug,poison,1,Bug,,,,
50,"['Sand Veil', 'Arena Trap', 'Sand Force', 'Sand Veil', 'Tangling Hair', 'Sand Force']",Diglett,ground,ground,1,Field,,,,
51,"['Sand Veil', 'Arena Trap', 'Sand Force', 'Sand Veil', 'Tangling Hair', 'Sand Force']",Dugtrio,ground,ground,1,Field,,,,
52,"['Pickup', 'Technician', 'Unnerve', 'Pickup', 'Technician', 'Rattled']",Meowth,normal,dark,1,Field,,,,
53,"['Limber', 'Technician', 'Unnerve', 'Fur Coat', 'Technician', 'Rattled']",Persian,normal,dark,1,Field,,,,
54,"['Damp', 'Cloud Nine', 'Swift Swim']",Psyduck,water,,1,Water 1,Field,,,
55,"['Damp', 'Cloud Nine', 'Swift Swim']",Golduck,water,,1,Water 1,Field,,,
56,"['Vital Spirit', 'Anger Point', 'Defiant']",Mankey,fighting,,1,Field,,,,
57,"['Vital Spirit', 'Anger Point', 'Defiant']",Primeape,fighting,,1,Field,,,,
58,"['Intimidate', 'Flash Fire', 'Justified']",Growlithe,fire,,1,Field,,,,
59,"['Intimidate', 'Flash Fire', 'Justified']",Arcanine,fire,,1,Field,,,,
60,"['Water Absorb', 'Damp', 'Swift Swim']",Poliwag,water,,1,Water 1,,,,
61,"['Water Absorb', 'Damp', 'Swift Swim']",Poliwhirl,water,,1,Water 1,,,,
62,"['Water Absorb', 'Damp', 'Swift Swim']",Poliwrath,water,fighting,1,Water 1,,,,
63,"['Synchronize', 'Inner Focus', 'Magic Guard']",Abra,psychic,,1,Human-Like,,,,
64,"['Synchronize', 'Inner Focus', 'Magic Guard']",Kadabra,psychic,,1,Human-Like,,,,
65,"['Synchronize', 'Inner Focus', 'Magic Guard']",Alakazam,psychic,,1,Human-Like,,,,
66,"['Guts', 'No Guard', 'Steadfast']",Machop,fighting,,1,Human-Like,,,,
67,"['Guts', 'No Guard', 'Steadfast']",Machoke,fighting,,1,Human-Like,,,,
68,"['Guts', 'No Guard', 'Steadfast']",Machamp,fighting,,1,Human-Like,,,,
69,"['Chlorophyll', 'Gluttony']",Bellsprout,grass,poison,1,Grass,,,,
70,"['Chlorophyll', 'Gluttony']",Weepinbell,grass,poison,1,Grass,,,,
71,"['Chlorophyll', 'Gluttony']",Victreebel,grass,poison,1,Grass,,,,
72,"['Clear Body', 'Liquid Ooze', 'Rain Dish']",Tentacool,water,poison,1,Water 3,,,,
73,"['Clear Body', 'Liquid Ooze', 'Rain Dish']",Tentacruel,water,poison,1,Water 3,,,,
74,"['Rock Head', 'Sturdy', 'Sand Veil', 'Magnet Pull', 'Sturdy', 'Galvanize']",Geodude,rock,ground,1,Mineral,,,,
75,"['Rock Head', 'Sturdy', 'Sand Veil', 'Magnet Pull', 'Sturdy', 'Galvanize']",Graveler,rock,ground,1,Mineral,,,,
76,"['Rock Head', 'Sturdy', 'Sand Veil', 'Magnet Pull', 'Sturdy', 'Galvanize']",Golem,rock,ground,1,Mineral,,,,
77,"['Run Away', 'Flash Fire', 'Flame Body']",Ponyta,fire,,1,Field,,,,
78,"['Run Away', 'Flash Fire', 'Flame Body']",Rapidash,fire,,1,Field,,,,
79,"['Oblivious', 'Own Tempo', 'Regenerator']",Slowpoke,water,psychic,1,Monster,Water 1,,,
80,"['Oblivious', 'Own Tempo', 'Regenerator']",Slowbro,water,psychic,1,Monster,Water 1,,,
81,"['Magnet Pull', 'Sturdy', 'Analytic']",Magnemite,electric,steel,1,Mineral,,,,
82,"['Magnet Pull', 'Sturdy', 'Analytic']",Magneton,electric,steel,1,Mineral,,,,
83,"['Keen Eye', 'Inner Focus', 'Defiant']",Farfetch'd,normal,flying,1,Flying,Field,,,
84,"['Run Away', 'Early Bird', 'Tangled Feet']",Doduo,normal,flying,1,Flying,,,,
85,"['Run Away', 'Early Bird', 'Tangled Feet']",Dodrio,normal,flying,1,Flying,,,,
86,"['Thick Fat', 'Hydration', 'Ice Body']",Seel,water,,1,Water 1,Field,,,
87,"['Thick Fat', 'Hydration', 'Ice Body']",Dewgong,water,ice,1,Water 1,Field,,,
88,"['Stench', 'Sticky Hold', 'Poison Touch', 'Poison Touch', 'Gluttony', 'Power of Alchemy']",Grimer,poison,poison,1,Amorphous,,,,
89,"['Stench', 'Sticky Hold', 'Poison Touch', 'Poison Touch', 'Gluttony', 'Power of Alchemy']",Muk,poison,poison,1,Amorphous,,,,
90,"['Shell Armor', 'Skill Link', 'Overcoat']",Shellder,water,,1,Water 3,,,,
91,"['Shell Armor', 'Skill Link', 'Overcoat']",Cloyster,water,ice,1,Water 3,,,,
92,['Levitate'],Gastly,ghost,poison,1,Amorphous,,,,
93,['Levitate'],Haunter,ghost,poison,1,Amorphous,,,,
94,['Cursed Body'],Gengar,ghost,poison,1,Amorphous,,,,
95,"['Rock Head', 'Sturdy', 'Weak Armor']",Onix,rock,ground,1,Mineral,,,,
96,"['Insomnia', 'Forewarn', 'Inner Focus']",Drowzee,psychic,,1,Human-Like,,,,
97,"['Insomnia', 'Forewarn', 'Inner Focus']",Hypno,psychic,,1,Human-Like,,,,
98,"['Hyper Cutter', 'Shell Armor', 'Sheer Force']",Krabby,water,,1,Water 3,,,,
99,"['Hyper Cutter', 'Shell Armor', 'Sheer Force']",Kingler,water,,1,Water 3,,,,
100,"['Soundproof', 'Static', 'Aftermath']",Voltorb,electric,,1,Mineral,,,,
101,"['Soundproof', 'Static', 'Aftermath']",Electrode,electric,,1,Mineral,,,,
102,"['Chlorophyll', 'Harvest']",Exeggcute,grass,psychic,1,Grass,,,,
103,"['Chlorophyll', 'Harvest', 'Frisk', 'Harvest']",Exeggutor,grass,psychic,1,Grass,,,,
104,"['Rock Head', 'Lightningrod', 'Battle Armor']",Cubone,ground,,1,Monster,,,,
105,"['Rock Head', 'Lightningrod', 'Battle Armor', 'Cursed Body', 'Lightningrod', 'Rock Head']",Marowak,ground,fire,1,Monster,,,,
106,"['Limber', 'Reckless', 'Unburden']",Hitmonlee,fighting,,1,Human-Like,,,,
107,"['Keen Eye', 'Iron Fist', 'Inner Focus']",Hitmonchan,fighting,,1,Human-Like,,,,
108,"['Own Tempo', 'Oblivious', 'Cloud Nine']",Lickitung,normal,,1,Monster,,,,
109,['Levitate'],Koffing,poison,,1,Amorphous,,,,
110,['Levitate'],Weezing,poison,,1,Amorphous,,,,
111,"['Lightningrod', 'Rock Head', 'Reckless']",Rhyhorn,ground,rock,1,Monster,Field,,,
112,"['Lightningrod', 'Rock Head', 'Reckless']",Rhydon,ground,rock,1,Monster,Field,,,
113,"['Natural Cure', 'Serene Grace', 'Healer']",Chansey,normal,,1,Fairy,,,,
114,"['Chlorophyll', 'Leaf Guard', 'Regenerator']",Tangela,grass,,1,Grass,,,,
115,"['Early Bird', 'Scrappy', 'Inner Focus']",Kangaskhan,normal,,1,Monster,,,,
116,"['Swift Swim', 'Sniper', 'Damp']",Horsea,water,,1,Water 1,Dragon,,,
117,"['Poison Point', 'Sniper', 'Damp']",Seadra,water,,1,Water 1,Dragon,,,
118,"['Swift Swim', 'Water Veil', 'Lightningrod']",Goldeen,water,,1,Water 2,,,,
119,"['Swift Swim', 'Water Veil', 'Lightningrod']",Seaking,water,,1,Water 2,,,,
120,"['Illuminate', 'Natural Cure', 'Analytic']",Staryu,water,,1,Water 3,,,,
121,"['Illuminate', 'Natural Cure', 'Analytic']",Starmie,water,psychic,1,Water 3,,,,
122,"['Soundproof', 'Filter', 'Technician']",Mr. Mime,psychic,fairy,1,Human-Like,,,,
123,"['Swarm', 'Technician', 'Steadfast']",Scyther,bug,flying,1,Bug,,,,
124,"['Oblivious', 'Forewarn', 'Dry Skin']",Jynx,ice,psychic,1,Human-Like,,,,
125,"['Static', 'Vital Spirit']",Electabuzz,electric,,1,Human-Like,,,,
126,"['Flame Body', 'Vital Spirit']",Magmar,fire,,1,Human-Like,,,,
127,"['Hyper Cutter', 'Mold Breaker', 'Moxie']",Pinsir,bug,,1,Bug,,,,
128,"['Intimidate', 'Anger Point', 'Sheer Force']",Tauros,normal,,1,Field,,,,
129,"['Swift Swim', 'Rattled']",Magikarp,water,,1,Water 2,Dragon,,,
130,"['Intimidate', 'Moxie']",Gyarados,water,flying,1,Water 2,Dragon,,,
131,"['Water Absorb', 'Shell Armor', 'Hydration']",Lapras,water,ice,1,Monster,Water 1,,,
132,"['Limber', 'Imposter']",Ditto,normal,,1,Ditto,,,,
133,"['Run Away', 'Adaptability', 'Anticipation']",Eevee,normal,,1,Field,,,,
134,"['Water Absorb', 'Hydration']",Vaporeon,water,,1,Field,,,,
135,"['Volt Absorb', 'Quick Feet']",Jolteon,electric,,1,Field,,,,
136,"['Flash Fire', 'Guts']",Flareon,fire,,1,Field,,,,
137,"['Trace', 'Download', 'Analytic']",Porygon,normal,,1,Mineral,,,,
138,"['Swift Swim', 'Shell Armor', 'Weak Armor']",Omanyte,rock,water,1,Water 1,Water 3,,,
139,"['Swift Swim', 'Shell Armor', 'Weak Armor']",Omastar,rock,water,1,Water 1,Water 3,,,
140,"['Swift Swim', 'Battle Armor', 'Weak Armor']",Kabuto,rock,water,1,Water 1,Water 3,,,
141,"['Swift Swim', 'Battle Armor', 'Weak Armor']",Kabutops,rock,water,1,Water 1,Water 3,,,
142,"['Rock Head', 'Pressure', 'Unnerve']",Aerodactyl,rock,flying,1,Flying,,,,
143,"['Immunity', 'Thick Fat', 'Gluttony']",Snorlax,normal,,1,Monster,,,,
144,"['Pressure', 'Snow Cloak']",Articuno,ice,flying,1,Undiscovered,,,,
145,"['Pressure', 'Static']",Zapdos,electric,flying,1,Undiscovered,,,,
146,"['Pressure', 'Flame Body']",Moltres,fire,flying,1,Undiscovered,,,,
147,"['Shed Skin', 'Marvel Scale']",Dratini,dragon,,1,Water 1,Dragon,,,
148,"['Shed Skin', 'Marvel Scale']",Dragonair,dragon,,1,Water 1,Dragon,,,
149,"['Inner Focus', 'Multiscale']",Dragonite,dragon,flying,1,Water 1,Dragon,,,
150,"['Pressure', 'Unnerve']",Mewtwo,psychic,,1,Undiscovered,,,,
151,['Synchronize'],Mew,psychic,,1,Undiscovered,,,,
152,"['Overgrow', 'Leaf Guard']",Chikorita,grass,,2,Monster,Grass,,,
153,"['Overgrow', 'Leaf Guard']",Bayleef,grass,,2,Monster,Grass,,,
154,"['Overgrow', 'Leaf Guard']",Meganium,grass,,2,Monster,Grass,,,
155,"['Blaze', 'Flash Fire']",Cyndaquil,fire,,2,Field,,,,
156,"['Blaze', 'Flash Fire']",Quilava,fire,,2,Field,,,,
157,"['Blaze', 'Flash Fire']",Typhlosion,fire,,2,Field,,,,
158,"['Torrent', 'Sheer Force']",Totodile,water,,2,Monster,Water 1,,,
159,"['Torrent', 'Sheer Force']",Croconaw,water,,2,Monster,Water 1,,,
160,"['Torrent', 'Sheer Force']",Feraligatr,water,,2,Monster,Water 1,,,
161,"['Run Away', 'Keen Eye', 'Frisk']",Sentret,normal,,2,Field,,,,
162,"['Run Away', 'Keen Eye', 'Frisk']",Furret,normal,,2,Field,,,,
163,"['Insomnia', 'Keen Eye', 'Tinted Lens']",Hoothoot,normal,flying,2,Flying,,,,
164,"['Insomnia', 'Keen Eye', 'Tinted Lens']",Noctowl,normal,flying,2,Flying,,,,
165,"['Swarm', 'Early Bird', 'Rattled']",Ledyba,bug,flying,2,Bug,,,,
166,"['Swarm', 'Early Bird', 'Iron Fist']",Ledian,bug,flying,2,Bug,,,,
167,"['Swarm', 'Insomnia', 'Sniper']",Spinarak,bug,poison,2,Bug,,,,
168,"['Swarm', 'Insomnia', 'Sniper']",Ariados,bug,poison,2,Bug,,,,
169,"['Inner Focus', 'Infiltrator']",Crobat,poison,flying,2,Flying,,,,
170,"['Volt Absorb', 'Illuminate', 'Water Absorb']",Chinchou,water,electric,2,Water 2,,,,
171,"['Volt Absorb', 'Illuminate', 'Water Absorb']",Lanturn,water,electric,2,Water 2,,,,
172,"['Static', 'Lightningrod']",Pichu,electric,,2,Undiscovered,,,,
173,"['Cute Charm', 'Magic Guard', 'Friend Guard']",Cleffa,fairy,,2,Undiscovered,,,,
174,"['Cute Charm', 'Competitive', 'Friend Guard']",Igglybuff,normal,fairy,2,Undiscovered,,,,
175,"['Hustle', 'Serene Grace', 'Super Luck']",Togepi,fairy,,2,Undiscovered,,,,
176,"['Hustle', 'Serene Grace', 'Super Luck']",Togetic,fairy,flying,2,Flying,Fairy,,,
177,"['Synchronize', 'Early Bird', 'Magic Bounce']",Natu,psychic,flying,2,Flying,,,,
178,"['Synchronize', 'Early Bird', 'Magic Bounce']",Xatu,psychic,flying,2,Flying,,,,
179,"['Static', 'Plus']",Mareep,electric,,2,Monster,Field,,,
180,"['Static', 'Plus']",Flaaffy,electric,,2,Monster,Field,,,
181,"['Static', 'Plus']",Ampharos,electric,,2,Monster,Field,,,
182,"['Chlorophyll', 'Healer']",Bellossom,grass,,2,Grass,,,,
183,"['Thick Fat', 'Huge Power', 'Sap Sipper']",Marill,water,fairy,2,Water 1,Fairy,,,
184,"['Thick Fat', 'Huge Power', 'Sap Sipper']",Azumarill,water,fairy,2,Water 1,Fairy,,,
185,"['Sturdy', 'Rock Head', 'Rattled']",Sudowoodo,rock,,2,Mineral,,,,
186,"['Water Absorb', 'Damp', 'Drizzle']",Politoed,water,,2,Water 1,,,,
187,"['Chlorophyll', 'Leaf Guard', 'Infiltrator']",Hoppip,grass,flying,2,Fairy,Grass,,,
188,"['Chlorophyll', 'Leaf Guard', 'Infiltrator']",Skiploom,grass,flying,2,Fairy,Grass,,,
189,"['Chlorophyll', 'Leaf Guard', 'Infiltrator']",Jumpluff,grass,flying,2,Fairy,Grass,,,
190,"['Run Away', 'Pickup', 'Skill Link']",Aipom,normal,,2,Field,,,,
191,"['Chlorophyll', 'Solar Power', 'Early Bird']",Sunkern,grass,,2,Grass,,,,
192,"['Chlorophyll', 'Solar Power', 'Early Bird']",Sunflora,grass,,2,Grass,,,,
193,"['Speed Boost', 'Compoundeyes', 'Frisk']",Yanma,bug,flying,2,Bug,,,,
194,"['Damp', 'Water Absorb', 'Unaware']",Wooper,water,ground,2,Water 1,Field,,,
195,"['Damp', 'Water Absorb', 'Unaware']",Quagsire,water,ground,2,Water 1,Field,,,
196,"['Synchronize', 'Magic Bounce']",Espeon,psychic,,2,Field,,,,
197,"['Synchronize', 'Inner Focus']",Umbreon,dark,,2,Field,,,,
198,"['Insomnia', 'Super Luck', 'Prankster']",Murkrow,dark,flying,2,Flying,,,,
199,"['Oblivious', 'Own Tempo', 'Regenerator']",Slowking,water,psychic,2,Monster,Water 1,,,
200,['Levitate'],Misdreavus,ghost,,2,Amorphous,,,,
201,['Levitate'],Unown,psychic,,2,Undiscovered,,,,
202,"['Shadow Tag', 'Telepathy']",Wobbuffet,psychic,,2,Amorphous,,,,
203,"['Inner Focus', 'Early Bird', 'Sap Sipper']",Girafarig,normal,psychic,2,Field,,,,
204,"['Sturdy', 'Overcoat']",Pineco,bug,,2,Bug,,,,
205,"['Sturdy', 'Overcoat']",Forretress,bug,steel,2,Bug,,,,
206,"['Serene Grace', 'Run Away', 'Rattled']",Dunsparce,normal,,2,Field,,,,
207,"['Hyper Cutter', 'Sand Veil', 'Immunity']",Gligar,ground,flying,2,Bug,,,,
208,"['Rock Head', 'Sturdy', 'Sheer Force']",Steelix,steel,ground,2,Mineral,,,,
209,"['Intimidate', 'Run Away', 'Rattled']",Snubbull,fairy,,2,Field,Fairy,,,
210,"['Intimidate', 'Quick Feet', 'Rattled']",Granbull,fairy,,2,Field,Fairy,,,
211,"['Poison Point', 'Swift Swim', 'Intimidate']",Qwilfish,water,poison,2,Water 2,,,,
212,"['Swarm', 'Technician', 'Light Metal']",Scizor,bug,steel,2,Bug,,,,
213,"['Sturdy', 'Gluttony', 'Contrary']",Shuckle,bug,rock,2,Bug,,,,
214,"['Swarm', 'Guts', 'Moxie']",Heracross,bug,fighting,2,Bug,,,,
215,"['Inner Focus', 'Keen Eye', 'Pickpocket']",Sneasel,dark,ice,2,Field,,,,
216,"['Pickup', 'Quick Feet', 'Honey Gather']",Teddiursa,normal,,2,Field,,,,
217,"['Guts', 'Quick Feet', 'Unnerve']",Ursaring,normal,,2,Field,,,,
218,"['Magma Armor', 'Flame Body', 'Weak Armor']",Slugma,fire,,2,Amorphous,,,,
219,"['Magma Armor', 'Flame Body', 'Weak Armor']",Magcargo,fire,rock,2,Amorphous,,,,
220,"['Oblivious', 'Snow Cloak', 'Thick Fat']",Swinub,ice,ground,2,Field,,,,
221,"['Oblivious', 'Snow Cloak', 'Thick Fat']",Piloswine,ice,ground,2,Field,,,,
222,"['Hustle', 'Natural Cure', 'Regenerator']",Corsola,water,rock,2,Water 1,Water 3,,,
223,"['Hustle', 'Sniper', 'Moody']",Remoraid,water,,2,Water 1,Water 2,,,
224,"['Suction Cups', 'Sniper', 'Moody']",Octillery,water,,2,Water 1,Water 2,,,
225,"['Vital Spirit', 'Hustle', 'Insomnia']",Delibird,ice,flying,2,Water 1,Field,,,
226,"['Swift Swim', 'Water Absorb', 'Water Veil']",Mantine,water,flying,2,Water 1,,,,
227,"['Keen Eye', 'Sturdy', 'Weak Armor']",Skarmory,steel,flying,2,Flying,,,,
228,"['Early Bird', 'Flash Fire', 'Unnerve']",Houndour,dark,fire,2,Field,,,,
229,"['Early Bird', 'Flash Fire', 'Unnerve']",Houndoom,dark,fire,2,Field,,,,
230,"['Swift Swim', 'Sniper', 'Damp']",Kingdra,water,dragon,2,Water 1,Dragon,,,
231,"['Pickup', 'Sand Veil']",Phanpy,ground,,2,Field,,,,
232,"['Sturdy', 'Sand Veil']",Donphan,ground,,2,Field,,,,
233,"['Trace', 'Download', 'Analytic']",Porygon2,normal,,2,Mineral,,,,
234,"['Intimidate', 'Frisk', 'Sap Sipper']",Stantler,normal,,2,Field,,,,
235,"['Own Tempo', 'Technician', 'Moody']",Smeargle,normal,,2,Field,,,,
236,"['Guts', 'Steadfast', 'Vital Spirit']",Tyrogue,fighting,,2,Undiscovered,,,,
237,"['Intimidate', 'Technician', 'Steadfast']",Hitmontop,fighting,,2,Human-Like,,,,
238,"['Oblivious', 'Forewarn', 'Hydration']",Smoochum,ice,psychic,2,Undiscovered,,,,
239,"['Static', 'Vital Spirit']",Elekid,electric,,2,Undiscovered,,,,
240,"['Flame Body', 'Vital Spirit']",Magby,fire,,2,Undiscovered,,,,
241,"['Thick Fat', 'Scrappy', 'Sap Sipper']",Miltank,normal,,2,Field,,,,
242,"['Natural Cure', 'Serene Grace', 'Healer']",Blissey,normal,,2,Fairy,,,,
243,"['Pressure', 'Inner Focus']",Raikou,electric,,2,Undiscovered,,,,
244,"['Pressure', 'Inner Focus']",Entei,fire,,2,Undiscovered,,,,
245,"['Pressure', 'Inner Focus']",Suicune,water,,2,Undiscovered,,,,
246,"['Guts', 'Sand Veil']",Larvitar,rock,ground,2,Monster,,,,
247,['Shed Skin'],Pupitar,rock,ground,2,Monster,,,,
248,"['Sand Stream', 'Unnerve']",Tyranitar,rock,dark,2,Monster,,,,
249,"['Pressure', 'Multiscale']",Lugia,psychic,flying,2,Undiscovered,,,,
250,"['Pressure', 'Regenerator']",Ho-Oh,fire,flying,2,Undiscovered,,,,
251,['Natural Cure'],Celebi,psychic,grass,2,Undiscovered,,,,
252,"['Overgrow', 'Unburden']",Treecko,grass,,3,Monster,Dragon,,,
253,"['Overgrow', 'Unburden']",Grovyle,grass,,3,Monster,Dragon,,,
254,"['Overgrow', 'Unburden']",Sceptile,grass,,3,Monster,Dragon,,,
255,"['Blaze', 'Speed Boost']",Torchic,fire,,3,Field,,,,
256,"['Blaze', 'Speed Boost']",Combusken,fire,fighting,3,Field,,,,
257,"['Blaze', 'Speed Boost']",Blaziken,fire,fighting,3,Field,,,,
258,"['Torrent', 'Damp']",Mudkip,water,,3,Monster,Water 1,,,
259,"['Torrent', 'Damp']",Marshtomp,water,ground,3,Monster,Water 1,,,
260,"['Torrent', 'Damp']",Swampert,water,ground,3,Monster,Water 1,,,
261,"['Run Away', 'Quick Feet', 'Rattled']",Poochyena,dark,,3,Field,,,,
262,"['Intimidate', 'Quick Feet', 'Moxie']",Mightyena,dark,,3,Field,,,,
263,"['Pickup', 'Gluttony', 'Quick Feet']",Zigzagoon,normal,,3,Field,,,,
264,"['Pickup', 'Gluttony', 'Quick Feet']",Linoone,normal,,3,Field,,,,
265,"['Shield Dust', 'Run Away']",Wurmple,bug,,3,Bug,,,,
266,['Shed Skin'],Silcoon,bug,,3,Bug,,,,
267,"['Swarm', 'Rivalry']",Beautifly,bug,flying,3,Bug,,,,
268,['Shed Skin'],Cascoon,bug,,3,Bug,,,,
269,"['Shield Dust', 'Compoundeyes']",Dustox,bug,poison,3,Bug,,,,
270,"['Swift Swim', 'Rain Dish', 'Own Tempo']",Lotad,water,grass,3,Water 1,Grass,,,
271,"['Swift Swim', 'Rain Dish', 'Own Tempo']",Lombre,water,grass,3,Water 1,Grass,,,
272,"['Swift Swim', 'Rain Dish', 'Own Tempo']",Ludicolo,water,grass,3,Water 1,Grass,,,
273,"['Chlorophyll', 'Early Bird', 'Pickpocket']",Seedot,grass,,3,Field,Grass,,,
274,"['Chlorophyll', 'Early Bird', 'Pickpocket']",Nuzleaf,grass,dark,3,Field,Grass,,,
275,"['Chlorophyll', 'Early Bird', 'Pickpocket']",Shiftry,grass,dark,3,Field,Grass,,,
276,"['Guts', 'Scrappy']",Taillow,normal,flying,3,Flying,,,,
277,"['Guts', 'Scrappy']",Swellow,normal,flying,3,Flying,,,,
278,"['Keen Eye', 'Hydration', 'Rain Dish']",Wingull,water,flying,3,Water 1,Flying,,,
279,"['Keen Eye', 'Drizzle', 'Rain Dish']",Pelipper,water,flying,3,Water 1,Flying,,,
280,"['Synchronize', 'Trace', 'Telepathy']",Ralts,psychic,fairy,3,Amorphous,,,,
281,"['Synchronize', 'Trace', 'Telepathy']",Kirlia,psychic,fairy,3,Amorphous,,,,
282,"['Synchronize', 'Trace', 'Telepathy']",Gardevoir,psychic,fairy,3,Amorphous,,,,
283,"['Swift Swim', 'Rain Dish']",Surskit,bug,water,3,Water 1,Bug,,,
284,"['Intimidate', 'Unnerve']",Masquerain,bug,flying,3,Water 1,Bug,,,
285,"['Effect Spore', 'Poison Heal', 'Quick Feet']",Shroomish,grass,,3,Fairy,Grass,,,
286,"['Effect Spore', 'Poison Heal', 'Technician']",Breloom,grass,fighting,3,Fairy,Grass,,,
287,['Truant'],Slakoth,normal,,3,Field,,,,
288,['Vital Spirit'],Vigoroth,normal,,3,Field,,,,
289,['Truant'],Slaking,normal,,3,Field,,,,
290,"['Compoundeyes', 'Run Away']",Nincada,bug,ground,3,Bug,,,,
291,"['Speed Boost', 'Infiltrator']",Ninjask,bug,flying,3,Bug,,,,
292,['Wonder Guard'],Shedinja,bug,ghost,3,Mineral,,,,
293,"['Soundproof', 'Rattled']",Whismur,normal,,3,Monster,Field,,,
294,"['Soundproof', 'Scrappy']",Loudred,normal,,3,Monster,Field,,,
295,"['Soundproof', 'Scrappy']",Exploud,normal,,3,Monster,Field,,,
296,"['Thick Fat', 'Guts', 'Sheer Force']",Makuhita,fighting,,3,Human-Like,,,,
297,"['Thick Fat', 'Guts', 'Sheer Force']",Hariyama,fighting,,3,Human-Like,,,,
298,"['Thick Fat', 'Huge Power', 'Sap Sipper']",Azurill,normal,fairy,3,Undiscovered,,,,
299,"['Sturdy', 'Magnet Pull', 'Sand Force']",Nosepass,rock,,3,Mineral,,,,
300,"['Cute Charm', 'Normalize', 'Wonder Skin ']",Skitty,normal,,3,Field,Fairy,,,
301,"['Cute Charm', 'Normalize', 'Wonder Skin ']",Delcatty,normal,,3,Field,Fairy,,,
302,"['Keen Eye', 'Stall', 'Prankster']",Sableye,dark,ghost,3,Human-Like,,,,
303,"['Hyper Cutter', 'Intimidate', 'Sheer Force']",Mawile,steel,fairy,3,Field,Fairy,,,
304,"['Sturdy', 'Rock Head', 'Heavy Metal']",Aron,steel,rock,3,Monster,,,,
305,"['Sturdy', 'Rock Head', 'Heavy Metal']",Lairon,steel,rock,3,Monster,,,,
306,"['Sturdy', 'Rock Head', 'Heavy Metal']",Aggron,steel,rock,3,Monster,,,,
307,"['Pure Power', 'Telepathy']",Meditite,fighting,psychic,3,Human-Like,,,,
308,"['Pure Power', 'Telepathy']",Medicham,fighting,psychic,3,Human-Like,,,,
309,"['Static', 'Lightningrod', 'Minus']",Electrike,electric,,3,Field,,,,
310,"['Static', 'Lightningrod', 'Minus']",Manectric,electric,,3,Field,,,,
311,"['Plus', 'Lightningrod']",Plusle,electric,,3,Fairy,,,,
312,"['Minus', 'Volt Absorb']",Minun,electric,,3,Fairy,,,,
313,"['Illuminate', 'Swarm', 'Prankster']",Volbeat,bug,,3,Bug,Human-Like,,,
314,"['Oblivious', 'Tinted Lens', 'Prankster']",Illumise,bug,,3,Bug,Human-Like,,,
315,"['Natural Cure', 'Poison Point', 'Leaf Guard']",Roselia,grass,poison,3,Fairy,Grass,,,
316,"['Liquid Ooze', 'Sticky Hold', 'Gluttony']",Gulpin,poison,,3,Amorphous,,,,
317,"['Liquid Ooze', 'Sticky Hold', 'Gluttony']",Swalot,poison,,3,Amorphous,,,,
318,"['Rough Skin', 'Speed Boost']",Carvanha,water,dark,3,Water 2,,,,
319,"['Rough Skin', 'Speed Boost']",Sharpedo,water,dark,3,Water 2,,,,
320,"['Water Veil', 'Oblivious', 'Pressure']",Wailmer,water,,3,Field,Water 2,,,
321,"['Water Veil', 'Oblivious', 'Pressure']",Wailord,water,,3,Field,Water 2,,,
322,"['Oblivious', 'Simple', 'Own Tempo']",Numel,fire,ground,3,Field,,,,
323,"['Magma Armor', 'Solid Rock', 'Anger Point']",Camerupt,fire,ground,3,Field,,,,
324,"['White Smoke', 'Drought', 'Shell Armor']",Torkoal,fire,,3,Field,,,,
325,"['Thick Fat', 'Own Tempo', 'Gluttony']",Spoink,psychic,,3,Field,,,,
326,"['Thick Fat', 'Own Tempo', 'Gluttony']",Grumpig,psychic,,3,Field,,,,
327,"['Own Tempo', 'Tangled Feet', 'Contrary']",Spinda,normal,,3,Field,Human-Like,,,
328,"['Hyper Cutter', 'Arena Trap', 'Sheer Force']",Trapinch,ground,,3,Bug,,,,
329,['Levitate'],Vibrava,ground,dragon,3,Bug,,,,
330,['Levitate'],Flygon,ground,dragon,3,Bug,,,,
331,"['Sand Veil', 'Water Absorb']",Cacnea,grass,,3,Grass,Human-Like,,,
332,"['Sand Veil', 'Water Absorb']",Cacturne,grass,dark,3,Grass,Human-Like,,,
333,"['Natural Cure', 'Cloud Nine']",Swablu,normal,flying,3,Flying,Dragon,,,
334,"['Natural Cure', 'Cloud Nine']",Altaria,dragon,flying,3,Flying,Dragon,,,
335,"['Immunity', 'Toxic Boost']",Zangoose,normal,,3,Field,,,,
336,"['Shed Skin', 'Infiltrator']",Seviper,poison,,3,Field,Dragon,,,
337,['Levitate'],Lunatone,rock,psychic,3,Mineral,,,,
338,['Levitate'],Solrock,rock,psychic,3,Mineral,,,,
339,"['Oblivious', 'Anticipation', 'Hydration']",Barboach,water,ground,3,Water 2,,,,
340,"['Oblivious', 'Anticipation', 'Hydration']",Whiscash,water,ground,3,Water 2,,,,
341,"['Hyper Cutter', 'Shell Armor', 'Adaptability']",Corphish,water,,3,Water 1,Water 3,,,
342,"['Hyper Cutter', 'Shell Armor', 'Adaptability']",Crawdaunt,water,dark,3,Water 1,Water 3,,,
343,['Levitate'],Baltoy,ground,psychic,3,Mineral,,,,
344,['Levitate'],Claydol,ground,psychic,3,Mineral,,,,
345,"['Suction Cups', 'Storm Drain']",Lileep,rock,grass,3,Water 3,,,,
346,"['Suction Cups', 'Storm Drain']",Cradily,rock,grass,3,Water 3,,,,
347,"['Battle Armor', 'Swift Swim']",Anorith,rock,bug,3,Water 3,,,,
348,"['Battle Armor', 'Swift Swim']",Armaldo,rock,bug,3,Water 3,,,,
349,"['Swift Swim', 'Oblivious', 'Adaptability']",Feebas,water,,3,Water 1,Dragon,,,
350,"['Marvel Scale', 'Competitive', 'Cute Charm']",Milotic,water,,3,Water 1,Dragon,,,
351,['Forecast'],Castform,normal,,3,Fairy,Amorphous,,,
352,"['Color Change', 'Protean']",Kecleon,normal,,3,Field,,,,
353,"['Insomnia', 'Frisk', 'Cursed Body']",Shuppet,ghost,,3,Amorphous,,,,
354,"['Insomnia', 'Frisk', 'Cursed Body']",Banette,ghost,,3,Amorphous,,,,
355,"['Levitate', 'Frisk']",Duskull,ghost,,3,Amorphous,,,,
356,"['Pressure', 'Frisk']",Dusclops,ghost,,3,Amorphous,,,,
357,"['Chlorophyll', 'Solar Power', 'Harvest']",Tropius,grass,flying,3,Monster,Grass,,,
358,['Levitate'],Chimecho,psychic,,3,Amorphous,,,,
359,"['Pressure', 'Super Luck', 'Justified']",Absol,dark,,3,Field,,,,
360,"['Shadow Tag', 'Telepathy']",Wynaut,psychic,,3,Undiscovered,,,,
361,"['Inner Focus', 'Ice Body', 'Moody']",Snorunt,ice,,3,Fairy,Mineral,,,
362,"['Inner Focus', 'Ice Body', 'Moody']",Glalie,ice,,3,Fairy,Mineral,,,
363,"['Thick Fat', 'Ice Body', 'Oblivious']",Spheal,ice,water,3,Water 1,Field,,,
364,"['Thick Fat', 'Ice Body', 'Oblivious']",Sealeo,ice,water,3,Water 1,Field,,,
365,"['Thick Fat', 'Ice Body', 'Oblivious']",Walrein,ice,water,3,Water 1,Field,,,
366,"['Shell Armor', 'Rattled']",Clamperl,water,,3,Water 1,,,,
367,"['Swift Swim', 'Water Veil']",Huntail,water,,3,Water 1,,,,
368,"['Swift Swim', 'Hydration']",Gorebyss,water,,3,Water 1,,,,
369,"['Swift Swim', 'Rock Head', 'Sturdy']",Relicanth,water,rock,3,Water 1,Water 2,,,
370,"['Swift Swim', 'Hydration']",Luvdisc,water,,3,Water 2,,,,
371,"['Rock Head', 'Sheer Force']",Bagon,dragon,,3,Dragon,,,,
372,"['Rock Head', 'Overcoat']",Shelgon,dragon,,3,Dragon,,,,
373,"['Intimidate', 'Moxie']",Salamence,dragon,flying,3,Dragon,,,,
374,"['Clear Body', 'Light Metal']",Beldum,steel,psychic,3,Mineral,,,,
375,"['Clear Body', 'Light Metal']",Metang,steel,psychic,3,Mineral,,,,
376,"['Clear Body', 'Light Metal']",Metagross,steel,psychic,3,Mineral,,,,
377,"['Clear Body', 'Sturdy']",Regirock,rock,,3,Undiscovered,,,,
378,"['Clear Body', 'Ice Body']",Regice,ice,,3,Undiscovered,,,,
379,"['Clear Body', 'Light Metal']",Registeel,steel,,3,Undiscovered,,,,
380,['Levitate'],Latias,dragon,psychic,3,Undiscovered,,,,
381,['Levitate'],Latios,dragon,psychic,3,Undiscovered,,,,
382,['Drizzle'],Kyogre,water,,3,Undiscovered,,,,
383,['Drought'],Groudon,ground,,3,Undiscovered,,,,
384,['Air Lock'],Rayquaza,dragon,flying,3,Undiscovered,,,,
385,['Serene Grace'],Jirachi,steel,psychic,3,Undiscovered,,,,
386,['Pressure'],Deoxys,psychic,,3,Undiscovered,,,,
387,"['Overgrow', 'Shell Armor']",Turtwig,grass,,4,Monster,Grass,,,
388,"['Overgrow', 'Shell Armor']",Grotle,grass,,4,Monster,Grass,,,
389,"['Overgrow', 'Shell Armor']",Torterra,grass,ground,4,Monster,Grass,,,
390,"['Blaze', 'Iron Fist']",Chimchar,fire,,4,Field,Human-Like,,,
391,"['Blaze', 'Iron Fist']",Monferno,fire,fighting,4,Field,Human-Like,,,
392,"['Blaze', 'Iron Fist']",Infernape,fire,fighting,4,Field,Human-Like,,,
393,"['Torrent', 'Defiant']",Piplup,water,,4,Water 1,Field,,,
394,"['Torrent', 'Defiant']",Prinplup,water,,4,Water 1,Field,,,
395,"['Torrent', 'Defiant']",Empoleon,water,steel,4,Water 1,Field,,,
396,"['Keen Eye', 'Reckless']",Starly,normal,flying,4,Flying,,,,
397,"['Intimidate', 'Reckless']",Staravia,normal,flying,4,Flying,,,,
398,"['Intimidate', 'Reckless']",Staraptor,normal,flying,4,Flying,,,,
399,"['Simple', 'Unaware', 'Moody']",Bidoof,normal,,4,Water 1,Field,,,
400,"['Simple', 'Unaware', 'Moody']",Bibarel,normal,water,4,Water 1,Field,,,
401,"['Shed Skin', 'Run Away']",Kricketot,bug,,4,Bug,,,,
402,"['Swarm', 'Technician']",Kricketune,bug,,4,Bug,,,,
403,"['Rivalry', 'Intimidate', 'Guts']",Shinx,electric,,4,Field,,,,
404,"['Rivalry', 'Intimidate', 'Guts']",Luxio,electric,,4,Field,,,,
405,"['Rivalry', 'Intimidate', 'Guts']",Luxray,electric,,4,Field,,,,
406,"['Natural Cure', 'Poison Point', 'Leaf Guard']",Budew,grass,poison,4,Undiscovered,,,,
407,"['Natural Cure', 'Poison Point', 'Technician']",Roserade,grass,poison,4,Fairy,Grass,,,
408,"['Mold Breaker', 'Sheer Force']",Cranidos,rock,,4,Monster,,,,
409,"['Mold Breaker', 'Sheer Force']",Rampardos,rock,,4,Monster,,,,
410,"['Sturdy', 'Soundproof']",Shieldon,rock,steel,4,Monster,,,,
411,"['Sturdy', 'Soundproof']",Bastiodon,rock,steel,4,Monster,,,,
412,"['Shed Skin', 'Overcoat']",Burmy,bug,,4,Bug,,,,
413,"['Anticipation', 'Overcoat']",Wormadam,bug,grass,4,Bug,,,,
414,"['Swarm', 'Tinted Lens']",Mothim,bug,flying,4,Bug,,,,
415,"['Honey Gather', 'Hustle']",Combee,bug,flying,4,Bug,,,,
416,"['Pressure', 'Unnerve']",Vespiquen,bug,flying,4,Bug,,,,
417,"['Run Away', 'Pickup', 'Volt Absorb']",Pachirisu,electric,,4,Field,Fairy,,,
418,"['Swift Swim', 'Water Veil']",Buizel,water,,4,Water 1,Field,,,
419,"['Swift Swim', 'Water Veil']",Floatzel,water,,4,Water 1,Field,,,
420,['Chlorophyll'],Cherubi,grass,,4,Fairy,Grass,,,
421,['Flower Gift'],Cherrim,grass,,4,Fairy,Grass,,,
422,"['Sticky Hold', 'Storm Drain', 'Sand Force']",Shellos,water,,4,Water 1,Amorphous,,,
423,"['Sticky Hold', 'Storm Drain', 'Sand Force']",Gastrodon,water,ground,4,Water 1,Amorphous,,,
424,"['Technician', 'Pickup', 'Skill Link']",Ambipom,normal,,4,Field,,,,
425,"['Aftermath', 'Unburden', 'Flare Boost']",Drifloon,ghost,flying,4,Amorphous,,,,
426,"['Aftermath', 'Unburden', 'Flare Boost']",Drifblim,ghost,flying,4,Amorphous,,,,
427,"['Run Away', 'Klutz', 'Limber']",Buneary,normal,,4,Field,Human-Like,,,
428,"['Cute Charm', 'Klutz', 'Limber']",Lopunny,normal,,4,Field,Human-Like,,,
429,['Levitate'],Mismagius,ghost,,4,Amorphous,,,,
430,"['Insomnia', 'Super Luck', 'Moxie']",Honchkrow,dark,flying,4,Flying,,,,
431,"['Limber', 'Own Tempo', 'Keen Eye']",Glameow,normal,,4,Field,,,,
432,"['Thick Fat', 'Own Tempo', 'Defiant']",Purugly,normal,,4,Field,,,,
433,['Levitate'],Chingling,psychic,,4,Undiscovered,,,,
434,"['Stench', 'Aftermath', 'Keen Eye']",Stunky,poison,dark,4,Field,,,,
435,"['Stench', 'Aftermath', 'Keen Eye']",Skuntank,poison,dark,4,Field,,,,
436,"['Levitate', 'Heatproof', 'Heavy Metal']",Bronzor,steel,psychic,4,Mineral,,,,
437,"['Levitate', 'Heatproof', 'Heavy Metal']",Bronzong,steel,psychic,4,Mineral,,,,
438,"['Sturdy', 'Rock Head', 'Rattled']",Bonsly,rock,,4,Undiscovered,,,,
439,"['Soundproof', 'Filter', 'Technician']",Mime Jr.,psychic,fairy,4,Undiscovered,,,,
440,"['Natural Cure', 'Serene Grace', 'Friend Guard']",Happiny,normal,,4,Undiscovered,,,,
441,"['Keen Eye', 'Tangled Feet', 'Big Pecks']",Chatot,normal,flying,4,Flying,,,,
442,"['Pressure', 'Infiltrator']",Spiritomb,ghost,dark,4,Amorphous,,,,
443,"['Sand Veil', 'Rough Skin']",Gible,dragon,ground,4,Monster,Dragon,,,
444,"['Sand Veil', 'Rough Skin']",Gabite,dragon,ground,4,Monster,Dragon,,,
445,"['Sand Veil', 'Rough Skin']",Garchomp,dragon,ground,4,Monster,Dragon,,,
446,"['Pickup', 'Thick Fat', 'Gluttony']",Munchlax,normal,,4,Undiscovered,,,,
447,"['Steadfast', 'Inner Focus', 'Prankster']",Riolu,fighting,,4,Undiscovered,,,,
448,"['Steadfast', 'Inner Focus', 'Justified']",Lucario,fighting,steel,4,Field,Human-Like,,,
449,"['Sand Stream', 'Sand Force']",Hippopotas,ground,,4,Field,,,,
450,"['Sand Stream', 'Sand Force']",Hippowdon,ground,,4,Field,,,,
451,"['Battle Armor', 'Sniper', 'Keen Eye']",Skorupi,poison,bug,4,Bug,Water 3,,,
452,"['Battle Armor', 'Sniper', 'Keen Eye']",Drapion,poison,dark,4,Bug,Water 3,,,
453,"['Anticipation', 'Dry Skin', 'Poison Touch']",Croagunk,poison,fighting,4,Human-Like,,,,
454,"['Anticipation', 'Dry Skin', 'Poison Touch']",Toxicroak,poison,fighting,4,Human-Like,,,,
455,['Levitate'],Carnivine,grass,,4,Grass,,,,
456,"['Swift Swim', 'Storm Drain', 'Water Veil']",Finneon,water,,4,Water 2,,,,
457,"['Swift Swim', 'Storm Drain', 'Water Veil']",Lumineon,water,,4,Water 2,,,,
458,"['Swift Swim', 'Water Absorb', 'Water Veil']",Mantyke,water,flying,4,Undiscovered,,,,
459,"['Snow Warning', 'Soundproof']",Snover,grass,ice,4,Monster,Grass,,,
460,"['Snow Warning', 'Soundproof']",Abomasnow,grass,ice,4,Monster,Grass,,,
461,"['Pressure', 'Pickpocket']",Weavile,dark,ice,4,Field,,,,
462,"['Magnet Pull', 'Sturdy', 'Analytic']",Magnezone,electric,steel,4,Mineral,,,,
463,"['Own Tempo', 'Oblivious', 'Cloud Nine']",Lickilicky,normal,,4,Monster,,,,
464,"['Lightningrod', 'Solid Rock', 'Reckless']",Rhyperior,ground,rock,4,Monster,Field,,,
465,"['Chlorophyll', 'Leaf Guard', 'Regenerator']",Tangrowth,grass,,4,Grass,,,,
466,"['Motor Drive', 'Vital Spirit']",Electivire,electric,,4,Human-Like,,,,
467,"['Flame Body', 'Vital Spirit']",Magmortar,fire,,4,Human-Like,,,,
468,"['Hustle', 'Serene Grace', 'Super Luck']",Togekiss,fairy,flying,4,Flying,Fairy,,,
469,"['Speed Boost', 'Tinted Lens', 'Frisk']",Yanmega,bug,flying,4,Bug,,,,
470,"['Leaf Guard', 'Chlorophyll']",Leafeon,grass,,4,Field,,,,
471,"['Snow Cloak', 'Ice Body']",Glaceon,ice,,4,Field,,,,
472,"['Hyper Cutter', 'Sand Veil', 'Poison Heal']",Gliscor,ground,flying,4,Bug,,,,
473,"['Oblivious', 'Snow Cloak', 'Thick Fat']",Mamoswine,ice,ground,4,Field,,,,
474,"['Adaptability', 'Download', 'Analytic']",Porygon-Z,normal,,4,Mineral,,,,
475,"['Steadfast', 'Justified']",Gallade,psychic,fighting,4,Amorphous,,,,
476,"['Sturdy', 'Magnet Pull', 'Sand Force']",Probopass,rock,steel,4,Mineral,,,,
477,"['Pressure', 'Frisk']",Dusknoir,ghost,,4,Amorphous,,,,
478,"['Snow Cloak', 'Cursed Body']",Froslass,ice,ghost,4,Fairy,Mineral,,,
479,['Levitate'],Rotom,electric,ghost,4,Amorphous,,,,
480,['Levitate'],Uxie,psychic,,4,Undiscovered,,,,
481,['Levitate'],Mesprit,psychic,,4,Undiscovered,,,,
482,['Levitate'],Azelf,psychic,,4,Undiscovered,,,,
483,"['Pressure', 'Telepathy']",Dialga,steel,dragon,4,Undiscovered,,,,
484,"['Pressure', 'Telepathy']",Palkia,water,dragon,4,Undiscovered,,,,
485,"['Flash Fire', 'Flame Body']",Heatran,fire,steel,4,Undiscovered,,,,
486,['Slow Start'],Regigigas,normal,,4,Undiscovered,,,,
487,"['Pressure', 'Telepathy', 'Levitate']",Giratina,ghost,dragon,4,Undiscovered,,,,
488,['Levitate'],Cresselia,psychic,,4,Undiscovered,,,,
489,['Hydration'],Phione,water,,4,Water 1,Fairy,,,
490,['Hydration'],Manaphy,water,,4,Water 1,Fairy,,,
491,['Bad Dreams'],Darkrai,dark,,4,Undiscovered,,,,
492,"['Natural Cure', 'Serene Grace']",Shaymin,grass,grass,4,Undiscovered,,,,
493,['Multitype'],Arceus,normal,,4,Undiscovered,,,,
494,['Victory Star'],Victini,psychic,fire,5,Undiscovered,,,,
495,"['Overgrow', 'Contrary']",Snivy,grass,,5,Field,Grass,,,
496,"['Overgrow', 'Contrary']",Servine,grass,,5,Field,Grass,,,
497,"['Overgrow', 'Contrary']",Serperior,grass,,5,Field,Grass,,,
498,"['Blaze', 'Thick Fat']",Tepig,fire,,5,Field,,,,
499,"['Blaze', 'Thick Fat']",Pignite,fire,fighting,5,Field,,,,
500,"['Blaze', 'Reckless']",Emboar,fire,fighting,5,Field,,,,
501,"['Torrent', 'Shell Armor']",Oshawott,water,,5,Field,,,,
502,"['Torrent', 'Shell Armor']",Dewott,water,,5,Field,,,,
503,"['Torrent', 'Shell Armor']",Samurott,water,,5,Field,,,,
504,"['Run Away', 'Keen Eye', 'Analytic']",Patrat,normal,,5,Field,,,,
505,"['Illuminate', 'Keen Eye', 'Analytic']",Watchog,normal,,5,Field,,,,
506,"['Vital Spirit', 'Pickup', 'Run Away']",Lillipup,normal,,5,Field,,,,
507,"['Intimidate', 'Sand Rush', 'Scrappy']",Herdier,normal,,5,Field,,,,
508,"['Intimidate', 'Sand Rush', 'Scrappy']",Stoutland,normal,,5,Field,,,,
509,"['Limber', 'Unburden', 'Prankster']",Purrloin,dark,,5,Field,,,,
510,"['Limber', 'Unburden', 'Prankster']",Liepard,dark,,5,Field,,,,
511,"['Gluttony', 'Overgrow']",Pansage,grass,,5,Field,,,,
512,"['Gluttony', 'Overgrow']",Simisage,grass,,5,Field,,,,
513,"['Gluttony', 'Blaze']",Pansear,fire,,5,Field,,,,
514,"['Gluttony', 'Blaze']",Simisear,fire,,5,Field,,,,
515,"['Gluttony', 'Torrent']",Panpour,water,,5,Field,,,,
516,"['Gluttony', 'Torrent']",Simipour,water,,5,Field,,,,
517,"['Forewarn', 'Synchronize', 'Telepathy']",Munna,psychic,,5,Field,,,,
518,"['Forewarn', 'Synchronize', 'Telepathy']",Musharna,psychic,,5,Field,,,,
519,"['Big Pecks', 'Super Luck', 'Rivalry']",Pidove,normal,flying,5,Flying,,,,
520,"['Big Pecks', 'Super Luck', 'Rivalry']",Tranquill,normal,flying,5,Flying,,,,
521,"['Big Pecks', 'Super Luck', 'Rivalry']",Unfezant,normal,flying,5,Flying,,,,
522,"['Lightningrod', 'Motor Drive', 'Sap Sipper']",Blitzle,electric,,5,Field,,,,
523,"['Lightningrod', 'Motor Drive', 'Sap Sipper']",Zebstrika,electric,,5,Field,,,,
524,"['Sturdy', 'Weak Armor', 'Sand Force']",Roggenrola,rock,,5,Mineral,,,,
525,"['Sturdy', 'Weak Armor', 'Sand Force']",Boldore,rock,,5,Mineral,,,,
526,"['Sturdy', 'Sand Stream', 'Sand Force']",Gigalith,rock,,5,Mineral,,,,
527,"['Unaware', 'Klutz', 'Simple']",Woobat,psychic,flying,5,Field,Flying,,,
528,"['Unaware', 'Klutz', 'Simple']",Swoobat,psychic,flying,5,Field,Flying,,,
529,"['Sand Rush', 'Sand Force', 'Mold Breaker']",Drilbur,ground,,5,Field,,,,
530,"['Sand Rush', 'Sand Force', 'Mold Breaker']",Excadrill,ground,steel,5,Field,,,,
531,"['Healer', 'Regenerator', 'Klutz']",Audino,normal,,5,Fairy,,,,
532,"['Guts', 'Sheer Force', 'Iron Fist']",Timburr,fighting,,5,Human-Like,,,,
533,"['Guts', 'Sheer Force', 'Iron Fist']",Gurdurr,fighting,,5,Human-Like,,,,
534,"['Guts', 'Sheer Force', 'Iron Fist']",Conkeldurr,fighting,,5,Human-Like,,,,
535,"['Swift Swim', 'Hydration', 'Water Absorb']",Tympole,water,,5,Water 1,,,,
536,"['Swift Swim', 'Hydration', 'Water Absorb']",Palpitoad,water,ground,5,Water 1,,,,
537,"['Swift Swim', 'Poison Touch', 'Water Absorb']",Seismitoad,water,ground,5,Water 1,,,,
538,"['Guts', 'Inner Focus', 'Mold Breaker']",Throh,fighting,,5,Human-Like,,,,
539,"['Sturdy', 'Inner Focus', 'Mold Breaker']",Sawk,fighting,,5,Human-Like,,,,
540,"['Swarm', 'Chlorophyll', 'Overcoat']",Sewaddle,bug,grass,5,Bug,,,,
541,"['Leaf Guard', 'Chlorophyll', 'Overcoat']",Swadloon,bug,grass,5,Bug,,,,
542,"['Swarm', 'Chlorophyll', 'Overcoat']",Leavanny,bug,grass,5,Bug,,,,
543,"['Poison Point', 'Swarm', 'Speed Boost']",Venipede,bug,poison,5,Bug,,,,
544,"['Poison Point', 'Swarm', 'Speed Boost']",Whirlipede,bug,poison,5,Bug,,,,
545,"['Poison Point', 'Swarm', 'Speed Boost']",Scolipede,bug,poison,5,Bug,,,,
546,"['Prankster', 'Infiltrator', 'Chlorophyll']",Cottonee,grass,fairy,5,Grass,Fairy,,,
547,"['Prankster', 'Infiltrator', 'Chlorophyll']",Whimsicott,grass,fairy,5,Grass,Fairy,,,
548,"['Chlorophyll', 'Own Tempo', 'Leaf Guard']",Petilil,grass,,5,Grass,,,,
549,"['Chlorophyll', 'Own Tempo', 'Leaf Guard']",Lilligant,grass,,5,Grass,,,,
550,"['Reckless', 'Rock Head', 'Adaptability', 'Mold Breaker']",Basculin,water,,5,Water 2,,,,
551,"['Intimidate', 'Moxie', 'Anger Point']",Sandile,ground,dark,5,Field,,,,
552,"['Intimidate', 'Moxie', 'Anger Point']",Krokorok,ground,dark,5,Field,,,,
553,"['Intimidate', 'Moxie', 'Anger Point']",Krookodile,ground,dark,5,Field,,,,
554,"['Hustle', 'Inner Focus']",Darumaka,fire,,5,Field,,,,
555,"['Sheer Force', 'Zen Mode']",Darmanitan,fire,fire,5,Field,,,,
556,"['Water Absorb', 'Chlorophyll', 'Storm Drain']",Maractus,grass,,5,Grass,,,,
557,"['Sturdy', 'Shell Armor', 'Weak Armor']",Dwebble,bug,rock,5,Bug,Mineral,,,
558,"['Sturdy', 'Shell Armor', 'Weak Armor']",Crustle,bug,rock,5,Bug,Mineral,,,
559,"['Shed Skin', 'Moxie', 'Intimidate']",Scraggy,dark,fighting,5,Field,Dragon,,,
560,"['Shed Skin', 'Moxie', 'Intimidate']",Scrafty,dark,fighting,5,Field,Dragon,,,
561,"['Wonder Skin ', 'Magic Guard', 'Tinted Lens']",Sigilyph,psychic,flying,5,Flying,,,,
562,['Mummy'],Yamask,ghost,,5,Mineral,Amorphous,,,
563,['Mummy'],Cofagrigus,ghost,,5,Mineral,Amorphous,,,
564,"['Solid Rock', 'Sturdy', 'Swift Swim']",Tirtouga,water,rock,5,Water 1,Water 3,,,
565,"['Solid Rock', 'Sturdy', 'Swift Swim']",Carracosta,water,rock,5,Water 1,Water 3,,,
566,['Defeatist'],Archen,rock,flying,5,Flying,Water 3,,,
567,['Defeatist'],Archeops,rock,flying,5,Flying,Water 3,,,
568,"['Stench', 'Sticky Hold', 'Aftermath']",Trubbish,poison,,5,Mineral,,,,
569,"['Stench', 'Weak Armor', 'Aftermath']",Garbodor,poison,,5,Mineral,,,,
570,['Illusion'],Zorua,dark,,5,Field,,,,
571,['Illusion'],Zoroark,dark,,5,Field,,,,
572,"['Cute Charm', 'Technician', 'Skill Link']",Minccino,normal,,5,Field,,,,
573,"['Cute Charm', 'Technician', 'Skill Link']",Cinccino,normal,,5,Field,,,,
574,"['Frisk', 'Competitive', 'Shadow Tag']",Gothita,psychic,,5,Human-Like,,,,
575,"['Frisk', 'Competitive', 'Shadow Tag']",Gothorita,psychic,,5,Human-Like,,,,
576,"['Frisk', 'Competitive', 'Shadow Tag']",Gothitelle,psychic,,5,Human-Like,,,,
577,"['Overcoat', 'Magic Guard', 'Regenerator']",Solosis,psychic,,5,Amorphous,,,,
578,"['Overcoat', 'Magic Guard', 'Regenerator']",Duosion,psychic,,5,Amorphous,,,,
579,"['Overcoat', 'Magic Guard', 'Regenerator']",Reuniclus,psychic,,5,Amorphous,,,,
580,"['Keen Eye', 'Big Pecks', 'Hydration']",Ducklett,water,flying,5,Water 1,Flying,,,
581,"['Keen Eye', 'Big Pecks', 'Hydration']",Swanna,water,flying,5,Water 1,Flying,,,
582,"['Ice Body', 'Snow Cloak', 'Weak Armor']",Vanillite,ice,,5,Mineral,,,,
583,"['Ice Body', 'Snow Cloak', 'Weak Armor']",Vanillish,ice,,5,Mineral,,,,
584,"['Ice Body', 'Snow Warning', 'Weak Armor']",Vanilluxe,ice,,5,Mineral,,,,
585,"['Chlorophyll', 'Sap Sipper', 'Serene Grace']",Deerling,normal,grass,5,Field,,,,
586,"['Chlorophyll', 'Sap Sipper', 'Serene Grace']",Sawsbuck,normal,grass,5,Field,,,,
587,"['Static', 'Motor Drive']",Emolga,electric,flying,5,Field,,,,
588,"['Swarm', 'Shed Skin', 'No Guard']",Karrablast,bug,,5,Bug,,,,
589,"['Swarm', 'Shell Armor', 'Overcoat']",Escavalier,bug,steel,5,Bug,,,,
590,"['Effect Spore', 'Regenerator']",Foongus,grass,poison,5,Grass,,,,
591,"['Effect Spore', 'Regenerator']",Amoonguss,grass,poison,5,Grass,,,,
592,"['Water Absorb', 'Cursed Body', 'Damp']",Frillish,water,ghost,5,Amorphous,,,,
593,"['Water Absorb', 'Cursed Body', 'Damp']",Jellicent,water,ghost,5,Amorphous,,,,
594,"['Healer', 'Hydration', 'Regenerator']",Alomomola,water,,5,Water 1,Water 2,,,
595,"['Compoundeyes', 'Unnerve', 'Swarm']",Joltik,bug,electric,5,Bug,,,,
596,"['Compoundeyes', 'Unnerve', 'Swarm']",Galvantula,bug,electric,5,Bug,,,,
597,['Iron Barbs'],Ferroseed,grass,steel,5,Grass,Mineral,,,
598,"['Iron Barbs', 'Anticipation']",Ferrothorn,grass,steel,5,Grass,Mineral,,,
599,"['Plus', 'Minus', 'Clear Body']",Klink,steel,,5,Mineral,,,,
600,"['Plus', 'Minus', 'Clear Body']",Klang,steel,,5,Mineral,,,,
601,"['Plus', 'Minus', 'Clear Body']",Klinklang,steel,,5,Mineral,,,,
602,['Levitate'],Tynamo,electric,,5,Amorphous,,,,
603,['Levitate'],Eelektrik,electric,,5,Amorphous,,,,
604,['Levitate'],Eelektross,electric,,5,Amorphous,,,,
605,"['Telepathy', 'Synchronize', 'Analytic']",Elgyem,psychic,,5,Human-Like,,,,
606,"['Telepathy', 'Synchronize', 'Analytic']",Beheeyem,psychic,,5,Human-Like,,,,
607,"['Flash Fire', 'Flame Body', 'Infiltrator']",Litwick,ghost,fire,5,Amorphous,,,,
608,"['Flash Fire', 'Flame Body', 'Infiltrator']",Lampent,ghost,fire,5,Amorphous,,,,
609,"['Flash Fire', 'Flame Body', 'Infiltrator']",Chandelure,ghost,fire,5,Amorphous,,,,
610,"['Rivalry', 'Mold Breaker', 'Unnerve']",Axew,dragon,,5,Monster,Dragon,,,
611,"['Rivalry', 'Mold Breaker', 'Unnerve']",Fraxure,dragon,,5,Monster,Dragon,,,
612,"['Rivalry', 'Mold Breaker', 'Unnerve']",Haxorus,dragon,,5,Monster,Dragon,,,
613,"['Snow Cloak', 'Slush Rush', 'Rattled']",Cubchoo,ice,,5,Field,,,,
614,"['Snow Cloak', 'Slush Rush', 'Swift Swim']",Beartic,ice,,5,Field,,,,
615,['Levitate'],Cryogonal,ice,,5,Mineral,,,,
616,"['Hydration', 'Shell Armor', 'Overcoat']",Shelmet,bug,,5,Bug,,,,
617,"['Hydration', 'Sticky Hold', 'Unburden']",Accelgor,bug,,5,Bug,,,,
618,"['Static', 'Limber', 'Sand Veil']",Stunfisk,ground,electric,5,Water 1,Amorphous,,,
619,"['Inner Focus', 'Regenerator', 'Reckless']",Mienfoo,fighting,,5,Field,Human-Like,,,
620,"['Inner Focus', 'Regenerator', 'Reckless']",Mienshao,fighting,,5,Field,Human-Like,,,
621,"['Rough Skin', 'Sheer Force', 'Mold Breaker']",Druddigon,dragon,,5,Dragon,Monster,,,
622,"['Iron Fist', 'Klutz', 'No Guard']",Golett,ground,ghost,5,Mineral,,,,
623,"['Iron Fist', 'Klutz', 'No Guard']",Golurk,ground,ghost,5,Mineral,,,,
624,"['Defiant', 'Inner Focus', 'Pressure']",Pawniard,dark,steel,5,Human-Like,,,,
625,"['Defiant', 'Inner Focus', 'Pressure']",Bisharp,dark,steel,5,Human-Like,,,,
626,"['Reckless', 'Sap Sipper', 'Soundproof']",Bouffalant,normal,,5,Field,,,,
627,"['Keen Eye', 'Sheer Force', 'Hustle']",Rufflet,normal,flying,5,Flying,,,,
628,"['Keen Eye', 'Sheer Force', 'Defiant']",Braviary,normal,flying,5,Flying,,,,
629,"['Big Pecks', 'Overcoat', 'Weak Armor']",Vullaby,dark,flying,5,Flying,,,,
630,"['Big Pecks', 'Overcoat', 'Weak Armor']",Mandibuzz,dark,flying,5,Flying,,,,
631,"['Gluttony', 'Flash Fire', 'White Smoke']",Heatmor,fire,,5,Field,,,,
632,"['Swarm', 'Hustle', 'Truant']",Durant,bug,steel,5,Bug,,,,
633,['Hustle'],Deino,dark,dragon,5,Dragon,,,,
634,['Hustle'],Zweilous,dark,dragon,5,Dragon,,,,
635,['Levitate'],Hydreigon,dark,dragon,5,Dragon,,,,
636,"['Flame Body', 'Swarm']",Larvesta,bug,fire,5,Bug,,,,
637,"['Flame Body', 'Swarm']",Volcarona,bug,fire,5,Bug,,,,
638,['Justified'],Cobalion,steel,fighting,5,Undiscovered,,,,
639,['Justified'],Terrakion,rock,fighting,5,Undiscovered,,,,
640,['Justified'],Virizion,grass,fighting,5,Undiscovered,,,,
641,"['Prankster', 'Defiant', 'Regenerator']",Tornadus,flying,,5,Undiscovered,,,,
642,"['Prankster', 'Defiant', 'Volt Absorb']",Thundurus,electric,flying,5,Undiscovered,,,,
643,['Turboblaze'],Reshiram,dragon,fire,5,Undiscovered,,,,
644,['Teravolt'],Zekrom,dragon,electric,5,Undiscovered,,,,
645,"['Sand Force', 'Sheer Force', 'Intimidate']",Landorus,ground,flying,5,Undiscovered,,,,
646,"['Pressure', 'Teravolt', 'Turboblaze']",Kyurem,dragon,ice,5,Undiscovered,,,,
647,['Justified'],Keldeo,water,fighting,5,Undiscovered,,,,
648,['Serene Grace'],Meloetta,normal,psychic,5,Undiscovered,,,,
649,['Download'],Genesect,bug,steel,5,Undiscovered,,,,
650,"['Overgrow', 'Bulletproof']",Chespin,grass,,6,Field,,,,
651,"['Overgrow', 'Bulletproof']",Quilladin,grass,,6,Field,,,,
652,"['Overgrow', 'Bulletproof']",Chesnaught,grass,fighting,6,Field,,,,
653,"['Blaze', 'Magician']",Fennekin,fire,,6,Field,,,,
654,"['Blaze', 'Magician']",Braixen,fire,,6,Field,,,,
655,"['Blaze', 'Magician']",Delphox,fire,psychic,6,Field,,,,
656,"['Torrent', 'Protean']",Froakie,water,,6,Water 1,,,,
657,"['Torrent', 'Protean']",Frogadier,water,,6,Water 1,,,,
658,"['Torrent', 'Protean', 'Battle Bond']",Greninja,water,dark,6,Water 1,,,,
659,"['Pickup', 'Cheek Pouch', 'Huge Power']",Bunnelby,normal,,6,Field,,,,
660,"['Pickup', 'Cheek Pouch', 'Huge Power']",Diggersby,normal,ground,6,Field,,,,
661,"['Big Pecks', 'Gale Wings']",Fletchling,normal,flying,6,Flying,,,,
662,"['Flame Body', 'Gale Wings']",Fletchinder,fire,flying,6,Flying,,,,
663,"['Flame Body', 'Gale Wings']",Talonflame,fire,flying,6,Flying,,,,
664,"['Shield Dust', 'Compoundeyes', 'Friend Guard']",Scatterbug,bug,,6,Bug,,,,
665,"['Shed Skin', 'Friend Guard']",Spewpa,bug,,6,Bug,,,,
666,"['Shield Dust', 'Compoundeyes', 'Friend Guard']",Vivillon,bug,flying,6,Bug,,,,
667,"['Rivalry', 'Unnerve', 'Moxie']",Litleo,fire,normal,6,Field,,,,
668,"['Rivalry', 'Unnerve', 'Moxie']",Pyroar,fire,normal,6,Field,,,,
669,"['Flower Veil', 'Symbiosis']",Flabébé,fairy,,6,Fairy,,,,
670,"['Flower Veil', 'Symbiosis']",Floette,fairy,,6,Fairy,,,,
671,"['Flower Veil', 'Symbiosis']",Florges,fairy,,6,Fairy,,,,
672,"['Sap Sipper', 'Grass Pelt']",Skiddo,grass,,6,Field,,,,
673,"['Sap Sipper', 'Grass Pelt']",Gogoat,grass,,6,Field,,,,
674,"['Iron Fist', 'Mold Breaker', 'Scrappy']",Pancham,fighting,,6,Field,Human-Like,,,
675,"['Iron Fist', 'Mold Breaker', 'Scrappy']",Pangoro,fighting,dark,6,Field,Human-Like,,,
676,['Fur Coat'],Furfrou,normal,,6,Field,,,,
677,"['Keen Eye', 'Infiltrator', 'Own Tempo']",Espurr,psychic,,6,Field,,,,
678,"['Keen Eye', 'Infiltrator', 'Prankster', 'Competitive']",Meowstic,psychic,,6,Field,,,,
679,['No Guard'],Honedge,steel,ghost,6,Mineral,,,,
680,['No Guard'],Doublade,steel,ghost,6,Mineral,,,,
681,['Stance Change'],Aegislash,steel,ghost,6,Mineral,,,,
682,"['Healer', 'Aroma Veil']",Spritzee,fairy,,6,Fairy,,,,
683,"['Healer', 'Aroma Veil']",Aromatisse,fairy,,6,Fairy,,,,
684,"['Sweet Veil', 'Unburden']",Swirlix,fairy,,6,Fairy,,,,
685,"['Sweet Veil', 'Unburden']",Slurpuff,fairy,,6,Fairy,,,,
686,"['Contrary', 'Suction Cups', 'Infiltrator']",Inkay,dark,psychic,6,Water 1,Water 2,,,
687,"['Contrary', 'Suction Cups', 'Infiltrator']",Malamar,dark,psychic,6,Water 1,Water 2,,,
688,"['Tough Claws', 'Sniper', 'Pickpocket']",Binacle,rock,water,6,Water 3,,,,
689,"['Tough Claws', 'Sniper', 'Pickpocket']",Barbaracle,rock,water,6,Water 3,,,,
690,"['Poison Point', 'Poison Touch', 'Adaptability']",Skrelp,poison,water,6,Water 1,Dragon,,,
691,"['Poison Point', 'Poison Touch', 'Adaptability']",Dragalge,poison,dragon,6,Water 1,Dragon,,,
692,['Mega Launcher'],Clauncher,water,,6,Water 1,Water 3,,,
693,['Mega Launcher'],Clawitzer,water,,6,Water 1,Water 3,,,
694,"['Dry Skin', 'Sand Veil', 'Solar Power']",Helioptile,electric,normal,6,Monster,Dragon,,,
695,"['Dry Skin', 'Sand Veil', 'Solar Power']",Heliolisk,electric,normal,6,Monster,Dragon,,,
696,"['Strong Jaw', 'Sturdy']",Tyrunt,rock,dragon,6,Monster,Dragon,,,
697,"['Strong Jaw', 'Rock Head']",Tyrantrum,rock,dragon,6,Monster,Dragon,,,
698,"['Refrigerate', 'Snow Warning']",Amaura,rock,ice,6,Monster,,,,
699,"['Refrigerate', 'Snow Warning']",Aurorus,rock,ice,6,Monster,,,,
700,"['Cute Charm', 'Pixilate']",Sylveon,fairy,,6,Field,,,,
701,"['Limber', 'Unburden', 'Mold Breaker']",Hawlucha,fighting,flying,6,Human-Like,,,,
702,"['Cheek Pouch', 'Pickup', 'Plus']",Dedenne,electric,fairy,6,Field,Fairy,,,
703,"['Clear Body', 'Sturdy']",Carbink,rock,fairy,6,Fairy,Mineral,,,
704,"['Sap Sipper', 'Hydration', 'Gooey']",Goomy,dragon,,6,Dragon,,,,
705,"['Sap Sipper', 'Hydration', 'Gooey']",Sliggoo,dragon,,6,Dragon,,,,
706,"['Sap Sipper', 'Hydration', 'Gooey']",Goodra,dragon,,6,Dragon,,,,
707,"['Prankster', 'Magician']",Klefki,steel,fairy,6,Mineral,,,,
708,"['Natural Cure', 'Frisk', 'Harvest']",Phantump,ghost,grass,6,Grass,Amorphous,,,
709,"['Natural Cure', 'Frisk', 'Harvest']",Trevenant,ghost,grass,6,Grass,Amorphous,,,
710,"['Pickup', 'Frisk', 'Insomnia']",Pumpkaboo,ghost,grass,6,Amorphous,,,,
711,"['Pickup', 'Frisk', 'Insomnia']",Gourgeist,ghost,grass,6,Amorphous,,,,
712,"['Own Tempo', 'Ice Body', 'Sturdy']",Bergmite,ice,,6,Monster,,,,
713,"['Own Tempo', 'Ice Body', 'Sturdy']",Avalugg,ice,,6,Monster,,,,
714,"['Frisk', 'Infiltrator', 'Telepathy']",Noibat,flying,dragon,6,Flying,,,,
715,"['Frisk', 'Infiltrator', 'Telepathy']",Noivern,flying,dragon,6,Flying,,,,
716,['Fairy Aura'],Xerneas,fairy,,6,Undiscovered,,,,
717,['Dark Aura'],Yveltal,dark,flying,6,Undiscovered,,,,
718,"['Aura Break', 'Power Construct']",Zygarde,dragon,ground,6,Undiscovered,,,,
719,['Clear Body'],Diancie,rock,fairy,6,Undiscovered,,,,
720,['Magician'],Hoopa,psychic,ghost,6,Undiscovered,,,,
721,['Water Absorb'],Volcanion,fire,water,6,Undiscovered,,,,
722,"['Overgrow', 'Long Reach']",Rowlet,grass,flying,7,Flying,,,,
723,"['Overgrow', 'Long Reach']",Dartrix,grass,flying,7,Flying,,,,
724,"['Overgrow', 'Long Reach']",Decidueye,grass,ghost,7,Flying,,,,
725,"['Blaze', 'Intimidate']",Litten,fire,,7,Field,,,,
726,"['Blaze', 'Intimidate']",Torracat,fire,,7,Field,,,,
727,"['Blaze', 'Intimidate']",Incineroar,fire,dark,7,Field,,,,
728,"['Torrent', 'Liquid Voice']",Popplio,water,,7,Water 1,Field,,,
729,"['Torrent', 'Liquid Voice']",Brionne,water,,7,Water 1,Field,,,
730,"['Torrent', 'Liquid Voice']",Primarina,water,fairy,7,Water 1,Field,,,
731,"['Keen Eye', 'Skill Link', 'Pickup']",Pikipek,normal,flying,7,Flying,,,,
732,"['Keen Eye', 'Skill Link', 'Pickup']",Trumbeak,normal,flying,7,Flying,,,,
733,"['Keen Eye', 'Skill Link', 'Sheer Force']",Toucannon,normal,flying,7,Flying,,,,
734,"['Stakeout', 'Strong Jaw', 'Adaptability']",Yungoos,normal,,7,Field,,,,
735,"['Stakeout', 'Strong Jaw', 'Adaptability']",Gumshoos,normal,,7,Field,,,,
736,['Swarm'],Grubbin,bug,,7,Bug,,,,
737,['Battery'],Charjabug,bug,electric,7,Bug,,,,
738,['Levitate'],Vikavolt,bug,electric,7,Bug,,,,
739,"['Hyper Cutter', 'Iron Fist', 'Anger Point']",Crabrawler,fighting,,7,Water 3,,,,
740,"['Hyper Cutter', 'Iron Fist', 'Anger Point']",Crabominable,fighting,ice,7,Water 3,,,,
741,['Dancer'],Oricorio,fire,flying,7,Flying,,,,
742,"['Honey Gather', 'Shield Dust', 'Sweet Veil']",Cutiefly,bug,fairy,7,Bug,Fairy,,,
743,"['Honey Gather', 'Shield Dust', 'Sweet Veil']",Ribombee,bug,fairy,7,Bug,Fairy,,,
744,"['Keen Eye', 'Vital Spirit', 'Steadfast']",Rockruff,rock,,7,Field,,,,
745,"['Keen Eye', 'Sand Rush', 'Steadfast', 'Keen Eye', 'Vital Spirit', 'No Guard']",Lycanroc,rock,,7,Field,,,,
746,['Schooling'],Wishiwashi,water,,7,Water 2,,,,
747,"['Merciless', 'Limber', 'Regenerator']",Mareanie,poison,water,7,Water 1,,,,
748,"['Merciless', 'Limber', 'Regenerator']",Toxapex,poison,water,7,Water 1,,,,
749,"['Own Tempo', 'Stamina', 'Inner Focus']",Mudbray,ground,,7,Field,,,,
750,"['Own Tempo', 'Stamina', 'Inner Focus']",Mudsdale,ground,,7,Field,,,,
751,"['Water Bubble', 'Water Absorb']",Dewpider,water,bug,7,Water 1,Bug,,,
752,"['Water Bubble', 'Water Absorb']",Araquanid,water,bug,7,Water 1,Bug,,,
753,"['Leaf Guard', 'Contrary']",Fomantis,grass,,7,Grass,,,,
754,"['Leaf Guard', 'Contrary']",Lurantis,grass,,7,Grass,,,,
755,"['Illuminate', 'Effect Spore', 'Rain Dish']",Morelull,grass,fairy,7,Grass,,,,
756,"['Illuminate', 'Effect Spore', 'Rain Dish']",Shiinotic,grass,fairy,7,Grass,,,,
757,"['Corrosion', 'Oblivious']",Salandit,poison,fire,7,Monster,Dragon,,,
758,"['Corrosion', 'Oblivious']",Salazzle,poison,fire,7,Monster,Dragon,,,
759,"['Fluffy', 'Klutz', 'Cute Charm']",Stufful,normal,fighting,7,Field,,,,
760,"['Fluffy', 'Klutz', 'Unnerve']",Bewear,normal,fighting,7,Field,,,,
761,"['Leaf Guard', 'Oblivious', 'Sweet Veil']",Bounsweet,grass,,7,Grass,,,,
762,"['Leaf Guard', 'Oblivious', 'Sweet Veil']",Steenee,grass,,7,Grass,,,,
763,"['Leaf Guard', 'Queenly Majesty', 'Sweet Veil']",Tsareena,grass,,7,Grass,,,,
764,"['Flower Veil', 'Triage', 'Natural Cure']",Comfey,fairy,,7,Grass,,,,
765,"['Inner Focus', 'Telepathy', 'Symbiosis']",Oranguru,normal,psychic,7,Field,,,,
766,"['Receiver', 'Defiant']",Passimian,fighting,,7,Field,,,,
767,['Wimp Out'],Wimpod,bug,water,7,Bug,Water 3,,,
768,['Emergency Exit'],Golisopod,bug,water,7,Bug,Water 3,,,
769,"['Water Compaction', 'Sand Veil']",Sandygast,ghost,ground,7,Amorphous,,,,
770,"['Water Compaction', 'Sand Veil']",Palossand,ghost,ground,7,Amorphous,,,,
771,"['Innards Out', 'Unaware']",Pyukumuku,water,,7,Water 1,,,,
772,['Battle Armor'],Type: Null,normal,,7,Undiscovered,,,,
773,['RKS System'],Silvally,normal,,7,Undiscovered,,,,
774,['Shields Down'],Minior,rock,flying,7,Mineral,,,,
775,['Comatose'],Komala,normal,,7,Field,,,,
776,['Shell Armor'],Turtonator,fire,dragon,7,Monster,Dragon,,,
777,"['Iron Barbs', 'Lightningrod', 'Sturdy']",Togedemaru,electric,steel,7,Field,Fairy,,,
778,['Disguise'],Mimikyu,ghost,fairy,7,Amorphous,,,,
779,"['Dazzling', 'Strong Jaw', 'Wonder Skin ']",Bruxish,water,psychic,7,Water 2,,,,
780,"['Berserk', 'Sap Sipper', 'Cloud Nine']",Drampa,normal,dragon,7,Monster,Dragon,,,
781,['Steelworker'],Dhelmise,ghost,grass,7,Mineral,,,,
782,"['Bulletproof', 'Soundproof', 'Overcoat']",Jangmo-o,dragon,,7,Dragon,,,,
783,"['Bulletproof', 'Soundproof', 'Overcoat']",Hakamo-o,dragon,fighting,7,Dragon,,,,
784,"['Bulletproof', 'Soundproof', 'Overcoat']",Kommo-o,dragon,fighting,7,Dragon,,,,
785,"['Electric Surge', 'Telepathy']",Tapu Koko,electric,fairy,7,Undiscovered,,,,
786,"['Psychic Surge', 'Telepathy']",Tapu Lele,psychic,fairy,7,Undiscovered,,,,
787,"['Grassy Surge', 'Telepathy']",Tapu Bulu,grass,fairy,7,Undiscovered,,,,
788,"['Misty Surge', 'Telepathy']",Tapu Fini,water,fairy,7,Undiscovered,,,,
789,['Unaware'],Cosmog,psychic,,7,Undiscovered,,,,
790,['Sturdy'],Cosmoem,psychic,,7,Undiscovered,,,,
791,['Full Metal Body'],Solgaleo,psychic,steel,7,Undiscovered,,,,
792,['Shadow Shield'],Lunala,psychic,ghost,7,Undiscovered,,,,
793,['Beast Boost'],Nihilego,rock,poison,7,Undiscovered,,,,
794,['Beast Boost'],Buzzwole,bug,fighting,7,Undiscovered,,,,
795,['Beast Boost'],Pheromosa,bug,fighting,7,Undiscovered,,,,
796,['Beast Boost'],Xurkitree,electric,,7,Undiscovered,,,,
797,['Beast Boost'],Celesteela,steel,flying,7,Undiscovered,,,,
798,['Beast Boost'],Kartana,grass,steel,7,Undiscovered,,,,
799,['Beast Boost'],Guzzlord,dark,dragon,7,Undiscovered,,,,
800,['Prism Armor'],Necrozma,psychic,,7,Undiscovered,,,,
801,['Soul-Heart'],Magearna,steel,fairy,7,Undiscovered,,,,
,,,,,,Undiscovered,,,,
,,,,,,Undiscovered,,,,
,,,,,,Undiscovered,,,,
,,,,,,Undiscovered,,,,
,,,,,,Undiscovered,,,,
,,,,,,Undiscovered,,,,